019cd5d0-47cb-75fb-b524-299aec234eb6,3,Michele,Harris,Andrea,00500,QT/00500/2018,MicheleAndreaHarris@example.com,"""{225-774-6501,9779215712}""",1974-04-24,Female,4,12,null,1,1,2018-02-15,1999-05-11,11,2,2022-09-03
019cd5d0-47cd-788e-8749-2270f78d65fc,22,Kristine,Garcia,N/A,00500,QT/00500/2021,KristineGarcia@example.com,"""{677-465-2711,696-757-7866}""",1983-01-02,Female,3,3,null,1,1,2021-04-17,2006-03-17,8,3,2009-03-11
019cd5d0-47ce-70d3-bf99-394ae88a9c48,2,Shelly,Martin,N/A,00500,QT/00500/2009,ShellyMartin@example.com,"""{(353)989-6302,9669719296}""",1999-05-28,Female,3,6,null,1,1,2009-11-07,1997-08-06,5,2,2012-10-02
019cd5d0-47d0-70a2-a8ac-36a3c585548a,13,Mary,Villanueva,N/A,00500,QT/00500/2014,MaryVillanueva@example.com,"""{(336)905-4138,(365)769-7890}""",1982-06-01,Female,1,5,null,1,1,2014-01-01,2003-11-08,12,3,2004-06-19
019cd5d0-47d2-7694-ba5b-2abd15721b59,6,Tammy,Gay,N/A,00500,QT/00500/2012,TammyGay@example.com,"""{851-610-3010,7825167019}""",1993-04-08,Female,4,8,null,1,2,2012-04-30,1998-01-20,7,1,2007-08-18
019cd5d0-47d3-7ea9-9aaa-23c037ca4fa5,7,Lisa,Lucero,N/A,00500,QT/00500/2019,LisaLucero@example.com,"""{(339)978-5163,2565210948}""",1993-08-12,Female,1,10,null,1,2,2019-04-21,2000-10-15,9,3,2003-07-03
019cd5d0-47d5-78da-9d52-43974d342b36,10,Nicole,James,Melissa,00500,QT/00500/2009,NicoleMelissaJames@example.com,"""{5479293819,451-866-8520}""",1974-03-27,Female,2,12,null,1,2,2009-09-23,2013-01-15,7,2,2007-03-04
019cd5d0-47d7-7e9d-a399-379b49fd7130,6,Jessica,Rosales,Christina,00500,QT/00500/2013,JessicaChristinaRosales@example.com,"""{756-561-8760,(857)554-0998}""",1997-10-30,Female,1,9,null,1,2,2013-10-13,2019-08-04,3,1,2017-01-24
019cd5d0-47d9-764c-a96a-6ff06299911c,7,Vanessa,Andrews,Kathryn,00500,QT/00500/2022,VanessaKathrynAndrews@example.com,"""{305-334-0083,9914392777}""",1994-11-04,Female,5,10,null,1,3,2022-02-15,2006-07-03,5,1,2006-11-14
019cd5d0-47da-750e-aecd-9d8f8275897e,15,Laura,Snow,N/A,00500,QT/00500/2011,LauraSnow@example.com,"""{301-797-9090,(490)600-6297}""",2000-11-14,Female,5,3,null,1,3,2011-08-27,2022-08-27,3,3,2024-02-22
019cd5d0-47db-7ed8-9e13-b1e24c14287b,6,Ashley,Rush,N/A,00500,QT/00500/2021,AshleyRush@example.com,"""{6704376234,(338)464-9832}""",1982-01-13,Female,4,5,null,1,3,2021-12-30,1996-12-12,11,1,2024-09-17
019cd5d0-47dd-7a58-9bb1-5b640c8ea292,10,Jacqueline,Benitez,N/A,00500,QT/00500/2020,JacquelineBenitez@example.com,"""{(293)433-0332,(320)615-1869}""",1971-10-27,Female,4,9,null,1,3,2020-11-08,2011-12-12,2,3,2023-02-21
019cd5d0-47df-7411-921e-a9553dd4853a,13,Kimberly,Steele,N/A,00500,QT/00500/2007,KimberlySteele@example.com,"""{9117586548,3916353070}""",1992-05-14,Female,1,5,null,1,13,2007-03-26,2005-06-22,4,2,2000-01-09
019cd5d0-47e0-7229-a5d1-f0d58601ae60,1,Julia,Hughes,N/A,00500,QT/00500/2022,JuliaHughes@example.com,"""{322-753-0081,(954)661-9484}""",1983-07-30,Female,1,3,null,1,13,2022-09-23,2008-10-06,1,1,2012-01-27
019cd5d0-47e1-7b55-8f93-60804f432ecf,12,Elaine,Murray,N/A,00500,QT/00500/2011,ElaineMurray@example.com,"""{3548940272,526-427-2383}""",2000-12-18,Female,3,7,null,1,13,2011-07-02,2024-09-06,6,2,1999-09-23
019cd5d0-47e3-7b39-a491-a033ae0e8617,4,Sarah,Williams,Michael,00500,QT/00500/2023,SarahMichaelWilliams@example.com,"""{(770)729-7863,729-267-4343}""",1992-07-07,Female,4,7,null,1,13,2023-07-13,2016-07-04,9,1,2003-08-07
019cd5d0-47e5-7952-85ab-16fcd1b8ee04,3,Jennifer,Walsh,Brittany,00500,QT/00500/2021,JenniferBrittanyWalsh@example.com,"""{838-614-4195,818-362-5474}""",1995-01-05,Female,3,11,null,1,14,2021-05-20,2008-02-14,2,2,2005-09-22
019cd5d0-47e6-73ce-b5f7-9e6851f0d704,6,Denise,Miller,Brandon,00500,QT/00500/2010,DeniseBrandonMiller@example.com,"""{4167016401,(892)429-6698}""",1976-06-26,Female,2,6,null,1,14,2010-01-07,2005-11-05,12,1,2000-12-15
019cd5d0-47e8-743c-b3ed-197a52c194d9,13,Amanda,Lee,N/A,00500,QT/00500/2021,AmandaLee@example.com,"""{4463368911,865-449-6218}""",1977-12-04,Female,3,6,null,1,14,2021-06-09,2013-03-08,11,1,2009-09-30
019cd5d0-47e9-7540-8bea-30babfff917a,8,Krista,Hamilton,Lori,00500,QT/00500/2023,KristaLoriHamilton@example.com,"""{(948)683-9129,569-961-3274}""",1975-02-05,Female,3,5,null,1,14,2023-07-16,2012-01-21,11,2,1999-02-09
019cd5d0-47eb-7dbd-9021-38dbe961c819,3,Stacy,Long,N/A,00500,QT/00500/2008,StacyLong@example.com,"""{(935)394-9191,(968)635-9434}""",1979-04-17,Female,2,11,null,1,15,2008-06-02,2009-09-01,9,1,2003-04-16
019cd5d0-47ec-7522-8a6e-35a99de91c12,12,Robin,Garza,N/A,00500,QT/00500/2017,RobinGarza@example.com,"""{849-994-2945,(265)736-5426}""",1989-10-23,Female,5,8,null,1,15,2017-04-09,2017-01-18,3,1,2000-04-11
019cd5d0-47ee-7780-8a76-0e48dca0bd62,13,Valerie,Lee,N/A,00500,QT/00500/2016,ValerieLee@example.com,"""{895-576-5222,892-608-9083}""",1979-04-10,Female,5,9,null,1,15,2016-12-08,2024-08-16,9,3,2009-02-11
019cd5d0-47ef-7441-9b78-44c867b0b171,15,Cassie,Arnold,Melissa,00500,QT/00500/2014,CassieMelissaArnold@example.com,"""{709-229-8527,(200)376-0174}""",1982-11-29,Female,1,9,null,1,15,2014-08-15,2013-07-21,6,1,2016-07-30
019cd5d0-47f1-7c5c-96ec-118aa0fd8f23,4,Kathleen,James,Colin,00500,QT/00500/2011,KathleenColinJames@example.com,"""{901-778-4731,5154091136}""",1986-12-28,Female,3,11,null,1,25,2011-11-26,2006-07-12,5,2,2006-12-28
019cd5d0-47f3-72c8-916d-5e63ce699e0d,10,Kathy,Gonzalez,N/A,00500,QT/00500/2021,KathyGonzalez@example.com,"""{(432)595-6188,(541)642-2715}""",1999-04-06,Female,2,11,null,1,25,2021-01-08,2007-04-22,2,1,2018-01-22
019cd5d0-47f4-757c-b9b8-f2b759835e50,10,Debra,Ross,Crystal,00500,QT/00500/2021,DebraCrystalRoss@example.com,"""{(316)926-4826,(643)594-8619}""",2000-06-14,Female,1,11,null,1,25,2021-05-31,2012-07-14,7,2,2013-02-15
019cd5d0-47f5-725a-bcbd-a1a2b38ca50d,3,Joyce,Francis,N/A,00500,QT/00500/2018,JoyceFrancis@example.com,"""{(419)481-2122,6553900867}""",1985-01-31,Female,4,4,null,1,25,2018-07-14,2014-01-10,11,1,2011-11-21
019cd5d0-47f7-78e5-afd4-fac0598850d2,13,Elizabeth,Nicholson,N/A,00500,QT/00500/2018,ElizabethNicholson@example.com,"""{675-713-1037,531-399-5836}""",1981-03-09,Female,4,7,null,1,26,2018-01-26,2015-12-29,5,2,2003-07-16
019cd5d0-47f9-73e1-9b9f-4d5660db57a0,2,Christina,Gallegos,Ryan,00500,QT/00500/2016,ChristinaRyanGallegos@example.com,"""{7489687429,525-936-0848}""",1971-09-05,Female,2,7,null,1,26,2016-02-12,2023-08-13,1,2,2004-11-19
019cd5d0-47fa-7d45-b5fc-f6e9b32d3cdf,14,Jennifer,Wilson,N/A,00500,QT/00500/2017,JenniferWilson@example.com,"""{9927616521,(606)456-3044}""",1996-06-13,Female,3,7,null,1,26,2017-07-13,2018-04-10,9,2,2014-08-01
019cd5d0-47fb-7e70-aa51-3ae2c83fa266,19,Rebecca,Davis,Richard,00500,QT/00500/2019,RebeccaRichardDavis@example.com,"""{622-421-5173,2978169513}""",1989-11-03,Female,2,11,null,1,26,2019-03-03,2022-04-05,7,3,2020-03-05
019cd5d0-47fd-7b5e-bfcd-61e7430c4edf,10,Natalie,Nunez,N/A,00500,QT/00500/2017,NatalieNunez@example.com,"""{(908)255-7726,8474358927}""",1978-04-01,Female,4,3,null,1,33,2017-02-11,2012-05-02,3,2,2012-11-10
019cd5d0-47ff-78ab-90ea-a672d3fefb80,18,Melanie,Williamson,N/A,00500,QT/00500/2008,MelanieWilliamson@example.com,"""{474-885-7002,8176263153}""",1987-06-20,Female,3,6,null,1,33,2008-10-25,2017-05-18,1,1,2003-12-26
019cd5d0-4800-7f78-ac9c-a38531a5ec20,10,Kimberly,Ortiz,N/A,00500,QT/00500/2012,KimberlyOrtiz@example.com,"""{3145972990,(531)880-9285}""",1979-07-01,Female,2,12,null,1,33,2012-07-18,2026-02-20,1,1,2018-11-07
019cd5d0-4804-7f0f-9e21-d0aaba7ee224,3,Christie,Williams,N/A,00500,QT/00500/2022,ChristieWilliams@example.com,"""{6882525117,(351)949-5451}""",1976-03-15,Female,3,9,null,1,33,2022-07-28,1998-08-01,6,2,1999-12-06
019cd5d0-4806-7ed8-847f-08a8f770f258,7,Danielle,Brock,Eric,00500,QT/00500/2016,DanielleEricBrock@example.com,"""{445-640-1850,401-857-8075}""",1971-04-15,Female,1,3,null,1,34,2016-07-15,2009-05-17,1,3,2013-03-14
019cd5d0-4807-7782-8de9-e1e9625c3080,5,Dawn,Trujillo,N/A,00500,QT/00500/2016,DawnTrujillo@example.com,"""{376-670-6614,(472)567-1903}""",1988-12-24,Female,5,7,null,1,34,2016-06-21,2002-02-03,7,1,2023-07-15
019cd5d0-4809-7260-bc92-d034b8f35abb,1,Jennifer,Carpenter,Timothy,00500,QT/00500/2008,JenniferTimothyCarpenter@example.com,"""{(514)353-2795,218-469-3458}""",1995-03-08,Female,4,11,null,1,34,2008-11-22,2003-12-08,3,1,2004-06-17
019cd5d0-480a-7d29-9d1e-acbce518acd3,12,Jessica,Martinez,Todd,00500,QT/00500/2006,JessicaToddMartinez@example.com,"""{(785)963-6842,528-204-4530}""",1972-05-22,Female,2,5,null,1,34,2006-10-27,2012-12-11,9,3,2021-05-11
019cd5d0-480c-7c6c-afc0-89d2b0e2b39e,10,Amy,Ramirez,Brett,00500,QT/00500/2015,AmyBrettRamirez@example.com,"""{(726)394-7515,(835)741-2752}""",1994-01-25,Female,4,5,null,1,41,2015-06-08,2006-06-09,10,2,2018-07-14
019cd5d0-480e-7130-a242-f2e90fcb6fdd,7,Felicia,Hernandez,N/A,00500,QT/00500/2014,FeliciaHernandez@example.com,"""{9775935478,280-538-5011}""",1984-01-08,Female,4,7,null,1,41,2014-06-10,1997-12-19,8,2,2000-06-03
019cd5d0-480f-7259-9009-062bb522c011,10,Deborah,Nichols,Luke,00500,QT/00500/2011,DeborahLukeNichols@example.com,"""{7743201633,585-447-7870}""",1987-11-12,Female,2,3,null,1,41,2011-08-08,2006-10-02,4,2,2019-05-16
019cd5d0-4810-7073-8cc8-35619540d7bd,8,Lori,Campbell,Robert,00500,QT/00500/2019,LoriRobertCampbell@example.com,"""{470-583-5337,(653)520-5470}""",1977-05-02,Female,3,12,null,1,41,2019-05-11,2008-08-22,6,2,2017-01-20
019cd5d0-4812-726f-8574-fcbc4d253650,3,Elizabeth,Hernandez,N/A,00500,QT/00500/2016,ElizabethHernandez@example.com,"""{857-265-5852,(425)868-8426}""",1973-12-07,Female,5,4,null,1,42,2016-06-25,2003-04-26,3,2,2004-04-05
019cd5d0-4814-70f4-9926-eaf6ea329bae,20,Molly,Hernandez,N/A,00500,QT/00500/2021,MollyHernandez@example.com,"""{9677912321,762-275-5497}""",1983-04-12,Female,3,3,null,1,42,2021-03-11,2026-02-28,12,2,1999-03-02
019cd5d0-4815-7574-a4ef-1f93af9f4e65,1,Michelle,Williams,Dominique,00500,QT/00500/2017,MichelleDominiqueWilliams@example.com,"""{(612)382-2079,9509786721}""",1986-11-17,Female,1,10,null,1,42,2017-08-05,2010-08-13,5,1,2009-08-28
019cd5d0-4817-7e03-8661-b5bd22e79285,14,Mary,Hicks,N/A,00500,QT/00500/2010,MaryHicks@example.com,"""{(905)800-1266,212-882-2897}""",1985-11-03,Female,3,6,null,1,42,2010-04-21,2006-01-03,11,1,2025-04-19
019cd5d0-4819-761f-a6d0-0984c387d11b,17,Jody,Burke,N/A,00500,QT/00500/2023,JodyBurke@example.com,"""{6419439409,660-519-3908}""",1985-11-11,Female,1,6,null,1,49,2023-04-09,2007-01-23,5,1,2020-02-23
019cd5d0-481a-78a1-99a1-edf0daffd10e,17,Anna,Craig,N/A,00500,QT/00500/2021,AnnaCraig@example.com,"""{773-773-9434,754-449-6610}""",1990-07-03,Female,3,4,null,1,49,2021-08-16,2017-03-30,8,2,2008-10-07
019cd5d0-481b-7376-b97e-7a89f4c9d1c1,9,Denise,Raymond,N/A,00500,QT/00500/2008,DeniseRaymond@example.com,"""{844-427-3367,7349447048}""",1974-10-10,Female,5,5,null,1,49,2008-02-01,2012-05-20,10,3,2020-03-13
019cd5d0-481d-7b4c-9142-e549014aa540,15,Elizabeth,Heath,N/A,00500,QT/00500/2019,ElizabethHeath@example.com,"""{(319)766-5012,5439721344}""",1979-12-04,Female,1,4,null,1,49,2019-01-03,2006-10-31,10,1,2005-11-11
019cd5d0-481f-78dd-b676-4d7aadd98e02,3,Barbara,Wilson,Angela,00500,QT/00500/2016,BarbaraAngelaWilson@example.com,"""{839-684-5203,8896747380}""",1981-06-19,Female,3,5,null,1,50,2016-08-20,2018-05-02,3,3,2025-04-10
019cd5d0-4820-7401-8d04-2fd768cb069a,18,Jennifer,Davis,N/A,00500,QT/00500/2011,JenniferDavis@example.com,"""{732-303-9882,(523)706-7212}""",1982-02-03,Female,3,7,null,1,50,2011-08-23,2024-07-11,5,3,2021-06-03
019cd5d0-4821-726c-add3-9931434ca1eb,7,Jessica,Holloway,N/A,00500,QT/00500/2010,JessicaHolloway@example.com,"""{2093038544,7872782311}""",1987-11-20,Female,2,10,null,1,50,2010-05-06,2015-03-28,11,2,2004-05-16
019cd5d0-4823-719c-837d-a8294a0cb058,18,Candice,Davis,N/A,00500,QT/00500/2010,CandiceDavis@example.com,"""{(838)598-9412,9652937190}""",1993-10-07,Female,1,4,null,1,50,2010-04-30,2022-08-18,9,1,2015-04-27
019cd5db-b807-7c2f-9434-ada9b5b40855,11,Tiffany,Robinson,Rebecca,00500,QT/00500/2023,TiffanyRebeccaRobinson@example.com,"""{3366211810,244-374-2235}""",1979-04-14,Female,1,10,null,1,1,2023-11-06,1996-07-31,7,1,2014-08-21
019cd5db-b809-7f6b-8472-f32dc68ec73c,14,Terri,Reynolds,N/A,00500,QT/00500/2017,TerriReynolds@example.com,"""{7057595825,8658699765}""",1995-02-22,Female,2,3,null,1,1,2017-09-08,2020-08-13,9,3,2020-07-22
019cd5db-b80b-71a5-b4f5-6513a007e3ab,20,Wendy,Golden,N/A,00500,QT/00500/2014,WendyGolden@example.com,"""{9955899227,(741)960-3726}""",1992-01-18,Female,2,5,null,1,1,2014-02-01,2025-12-14,4,2,2010-10-12
019cd5db-b80c-7815-81fd-315b7dd3fdf6,20,Kristy,Patterson,Mary,00500,QT/00500/2006,KristyMaryPatterson@example.com,"""{6015929690,4767803912}""",1984-11-03,Female,3,7,null,1,1,2006-10-05,2006-05-22,5,1,2016-09-12
019cd5db-b80e-764f-8c13-3e349ae04b94,7,Stephanie,Howe,Nicole,00500,QT/00500/2022,StephanieNicoleHowe@example.com,"""{918-315-9906,283-348-2052}""",1975-09-02,Female,3,4,null,1,2,2022-12-04,2014-11-04,9,3,2001-02-08
019cd5db-b810-79e6-ac0f-de6e7bcd12fe,16,Barbara,Miller,N/A,00500,QT/00500/2009,BarbaraMiller@example.com,"""{(343)433-2763,7007001799}""",1973-12-30,Female,3,12,null,1,2,2009-12-27,2018-03-09,3,1,1998-07-20
019cd5db-b812-7c03-b93e-cbe5fa6b20ed,20,Allison,Rodriguez,N/A,00500,QT/00500/2016,AllisonRodriguez@example.com,"""{(703)580-8906,7196218903}""",2000-10-14,Female,1,10,null,1,2,2016-08-14,2013-08-30,10,2,2021-05-11
019cd5db-b813-7e9f-b64b-ae49ebc057da,6,Ann,Diaz,Cheryl,00500,QT/00500/2006,AnnCherylDiaz@example.com,"""{5059625787,(910)733-2957}""",1982-07-21,Female,4,6,null,1,2,2006-12-27,2024-09-22,12,1,2009-10-01
019cd5db-b815-7892-9d47-101d7f30a084,5,Abigail,Griffin,N/A,00500,QT/00500/2010,AbigailGriffin@example.com,"""{(789)422-4234,(616)704-5097}""",1993-06-07,Female,1,8,null,1,3,2010-08-28,2003-02-24,1,2,1998-08-03
019cd5db-b816-76f1-b22b-275258f7c76f,11,Andrea,Williams,Jennifer,00500,QT/00500/2008,AndreaJenniferWilliams@example.com,"""{359-560-0863,755-233-2444}""",1997-11-24,Female,4,4,null,1,3,2008-06-18,2021-11-12,1,2,1999-08-31
019cd5db-b818-7209-a3d9-21d62683ad1e,1,Elizabeth,Ellison,Elizabeth,00500,QT/00500/2006,ElizabethElizabethEllison@example.com,"""{9493656500,(886)258-8337}""",1990-11-26,Female,1,8,null,1,3,2006-03-12,2012-05-29,3,2,2012-10-03
019cd5db-b819-7978-a221-800cd657bf12,13,Andrea,Lyons,Ralph,00500,QT/00500/2023,AndreaRalphLyons@example.com,"""{(653)949-7509,(303)963-8901}""",1986-03-19,Female,4,6,null,1,3,2023-05-06,2016-02-12,4,2,2011-06-24
019cd5db-b81b-712b-8bda-6705b0f7e3ab,21,Debra,Hahn,N/A,00500,QT/00500/2023,DebraHahn@example.com,"""{217-363-4567,5993126042}""",1999-11-25,Female,5,7,null,1,13,2023-10-27,2016-08-01,1,2,2003-09-14
019cd5db-b81d-71ea-945d-90f6d4fa54bc,13,Lisa,Cunningham,N/A,00500,QT/00500/2020,LisaCunningham@example.com,"""{430-891-1717,923-674-3736}""",1976-05-21,Female,3,9,null,1,13,2020-04-04,2011-01-14,12,1,2025-08-19
019cd5db-b81e-7c5e-a23e-2d58236d5d09,13,Diane,Moore,Stephanie,00500,QT/00500/2021,DianeStephanieMoore@example.com,"""{(895)258-3064,4224614582}""",1986-06-18,Female,1,11,null,1,13,2021-05-29,2006-12-04,7,2,2017-05-31
019cd5db-b81f-7511-b735-e1cfbc09e455,1,Nicole,Nguyen,N/A,00500,QT/00500/2022,NicoleNguyen@example.com,"""{3019419624,571-797-2823}""",1991-06-14,Female,1,8,null,1,13,2022-08-02,2018-08-25,2,1,2016-03-14
019cd5db-b821-7f14-996c-2e0fcda98706,15,Misty,Jenkins,N/A,00500,QT/00500/2015,MistyJenkins@example.com,"""{6152184403,2647262477}""",1977-03-22,Female,3,5,null,1,14,2015-05-01,2011-01-25,1,3,2015-06-25
019cd5db-b823-7132-b2b3-1d04e7e66c0f,2,Julia,Carter,N/A,00500,QT/00500/2015,JuliaCarter@example.com,"""{(856)650-3520,7608351864}""",2000-12-08,Female,5,10,null,1,14,2015-02-06,1999-12-31,12,1,2016-07-30
019cd5db-b824-7a68-9838-36c24baef8b2,20,Veronica,Thornton,N/A,00500,QT/00500/2018,VeronicaThornton@example.com,"""{636-209-0709,545-829-6449}""",2000-02-21,Female,4,6,null,1,14,2018-09-18,2001-04-05,2,3,2024-10-12
019cd5db-b826-761c-ba3d-4d22b41e44bb,17,Amanda,Nelson,N/A,00500,QT/00500/2010,AmandaNelson@example.com,"""{(724)471-7603,807-507-5768}""",1976-10-01,Female,3,3,null,1,14,2010-05-21,2011-05-25,6,1,2013-05-11
019cd5db-b827-707e-a6ba-1abfbf8278e4,16,Felicia,Moore,Colleen,00500,QT/00500/2024,FeliciaColleenMoore@example.com,"""{(676)756-6982,555-996-7690}""",1986-12-14,Female,2,4,null,1,15,2024-02-06,2016-12-08,7,3,2008-05-10
019cd5db-b829-767b-9bce-0eb9924c1b08,7,Glenda,Holt,Robin,00500,QT/00500/2008,GlendaRobinHolt@example.com,"""{273-311-7403,417-808-2522}""",1972-12-18,Female,5,3,null,1,15,2008-01-03,2021-01-01,5,1,2014-12-18
019cd5db-b82a-7bd7-ba3d-91585ae73def,12,Laurie,Mason,N/A,00500,QT/00500/2015,LaurieMason@example.com,"""{(732)836-7833,597-359-9924}""",1996-05-05,Female,2,4,null,1,15,2015-06-26,2004-08-31,2,3,2013-11-24
019cd5db-b82c-7acd-8c7d-9ca6614f3ff2,4,Elizabeth,Hall,John,00500,QT/00500/2011,ElizabethJohnHall@example.com,"""{338-371-6664,509-371-9905}""",1985-08-01,Female,5,8,null,1,15,2011-06-16,2015-01-31,3,3,1998-01-10
019cd5db-b82e-7730-8f2c-811881847ccd,6,Jacqueline,Dixon,N/A,00500,QT/00500/2006,JacquelineDixon@example.com,"""{(448)232-3075,5472944087}""",1977-01-20,Female,4,6,null,1,25,2006-09-12,2002-02-10,4,3,2016-08-06
019cd5db-b82f-7eea-b366-10f370d69b96,17,Hannah,Jacobs,Robert,00500,QT/00500/2016,HannahRobertJacobs@example.com,"""{(238)996-3223,(605)406-3197}""",1973-08-27,Female,1,4,null,1,25,2016-03-29,2008-11-29,5,1,2002-06-12
019cd5db-b830-7dca-8e72-d1abe9c42fc7,22,Tiffany,Hamilton,Dana,00500,QT/00500/2023,TiffanyDanaHamilton@example.com,"""{(895)668-2678,(300)245-5147}""",1984-01-22,Female,5,11,null,1,25,2023-11-15,2015-02-15,5,1,1998-01-28
019cd5db-b832-73ef-95d0-705f5229e962,18,Stacey,Edwards,Destiny,00500,QT/00500/2017,StaceyDestinyEdwards@example.com,"""{806-703-9481,(570)443-4814}""",1996-07-10,Female,1,9,null,1,25,2017-08-13,1998-06-17,3,1,2021-05-13
019cd5db-b834-70d7-a0bb-d7a4f3735d26,4,Christine,Jackson,N/A,00500,QT/00500/2020,ChristineJackson@example.com,"""{6403361078,(545)882-4544}""",1992-02-25,Female,4,11,null,1,26,2020-06-17,2025-02-11,12,2,1997-11-04
019cd5db-b835-7218-8bc8-8b216ca77dff,19,Chelsea,Wilson,Chase,00500,QT/00500/2020,ChelseaChaseWilson@example.com,"""{203-211-3119,(387)521-7103}""",1983-12-09,Female,3,8,null,1,26,2020-06-12,1999-04-20,8,2,2018-09-02
019cd5db-b837-753b-ad1d-7af191774a77,20,Amy,Coleman,N/A,00500,QT/00500/2019,AmyColeman@example.com,"""{(536)636-1241,(675)343-4698}""",1994-12-30,Female,3,9,null,1,26,2019-10-12,2019-11-01,12,2,2024-03-12
019cd5db-b838-7310-b9ae-8b874d01d121,6,Jessica,Cross,Curtis,00500,QT/00500/2016,JessicaCurtisCross@example.com,"""{7419329523,9352712304}""",1995-07-20,Female,1,6,null,1,26,2016-07-01,2008-06-21,3,3,2002-11-22
019cd5db-b83a-79dc-b1e5-ca4a5d571bcf,11,Heather,Woodward,Thomas,00500,QT/00500/2019,HeatherThomasWoodward@example.com,"""{2538140584,(433)529-5018}""",1972-10-09,Female,1,3,null,1,33,2019-09-05,2017-02-04,12,1,2003-05-27
019cd5db-b83c-78cf-8001-1ae32a82568d,5,Marisa,Salinas,N/A,00500,QT/00500/2018,MarisaSalinas@example.com,"""{(688)423-5043,629-730-5325}""",1990-01-17,Female,3,6,null,1,33,2018-12-14,2015-10-06,12,1,2003-11-04
019cd5db-b83d-7349-a47b-ea880e37319e,17,Kaitlyn,Everett,Jeremy,00500,QT/00500/2014,KaitlynJeremyEverett@example.com,"""{4122239196,540-404-0382}""",1986-06-13,Female,3,7,null,1,33,2014-06-28,2003-02-22,2,1,2016-01-22
019cd5db-b841-79eb-a0d1-613bc61e89a5,10,Lisa,Doyle,Alyssa,00500,QT/00500/2014,LisaAlyssaDoyle@example.com,"""{2683054137,6015990340}""",1986-06-24,Female,3,10,null,1,33,2014-11-15,1998-03-27,12,1,2014-03-08
019cd5db-b843-776c-964d-4b466e652cb2,18,Madison,Miller,N/A,00500,QT/00500/2010,MadisonMiller@example.com,"""{(605)281-3975,3947879760}""",1987-08-02,Female,3,6,null,1,34,2010-06-26,2018-11-10,12,2,2007-07-26
019cd5db-b844-7276-b7b9-515a386a7d94,15,Allison,Miller,N/A,00500,QT/00500/2007,AllisonMiller@example.com,"""{(260)334-7681,676-579-8484}""",1973-03-04,Female,4,7,null,1,34,2007-02-13,2019-10-17,10,3,2001-02-22
019cd5db-b846-7483-9d48-27f5f5cfc191,14,Tami,Dixon,N/A,00500,QT/00500/2009,TamiDixon@example.com,"""{(397)730-4206,206-741-5744}""",1971-12-05,Female,4,4,null,1,34,2009-08-07,1998-02-26,8,3,2013-05-05
019cd5db-b847-786d-9ddd-94d00b4fa7eb,2,Annette,Holden,Brian,00500,QT/00500/2017,AnnetteBrianHolden@example.com,"""{8172962377,8448559146}""",1994-05-21,Female,2,6,null,1,34,2017-06-24,2024-08-10,6,3,2011-01-02
019cd5db-b849-7049-991f-f4677751e668,7,Elizabeth,Garner,Richard,00500,QT/00500/2023,ElizabethRichardGarner@example.com,"""{7808768143,4235737003}""",1988-06-26,Female,3,10,null,1,41,2023-11-15,2023-07-25,10,1,2006-12-07
019cd5db-b84b-7162-a9c2-73685bb7aca1,16,Kimberly,Vaughn,N/A,00500,QT/00500/2013,KimberlyVaughn@example.com,"""{463-304-8603,610-854-7586}""",1995-03-02,Female,2,4,null,1,41,2013-10-26,2012-09-14,4,1,2013-05-08
019cd5db-b84c-7720-acad-78d561893dd0,14,Kylie,Shelton,N/A,00500,QT/00500/2012,KylieShelton@example.com,"""{841-891-6869,3044477749}""",1989-09-25,Female,5,11,null,1,41,2012-09-07,2022-06-20,8,2,2023-07-26
019cd5db-b84d-759a-8372-f929d90e887f,14,Patricia,James,Aaron,00500,QT/00500/2015,PatriciaAaronJames@example.com,"""{723-313-6105,(739)914-7487}""",1993-08-23,Female,3,5,null,1,41,2015-03-14,2004-05-08,11,1,2020-01-04
019cd5db-b84f-771f-83c2-d72e468d93d3,12,Patricia,Manning,Mark,00500,QT/00500/2022,PatriciaMarkManning@example.com,"""{(971)246-1503,(319)401-0467}""",1973-12-19,Female,2,10,null,1,42,2022-06-26,1997-04-07,12,1,1998-07-07
019cd5db-b850-72e0-b496-29800a2fcde5,15,Erin,Spence,Lawrence,00500,QT/00500/2006,ErinLawrenceSpence@example.com,"""{7559917821,817-458-5314}""",1992-07-24,Female,5,8,null,1,42,2006-07-19,2021-01-25,11,3,2015-10-15
019cd5db-b852-7fca-a153-8fd147c307ea,22,Wendy,Hickman,N/A,00500,QT/00500/2011,WendyHickman@example.com,"""{703-767-5322,786-904-9153}""",1975-03-20,Female,4,12,null,1,42,2011-09-13,1999-01-13,11,1,2018-09-09
019cd5db-b853-73f4-828e-4ff02ec9428b,17,Rebekah,Garcia,Heidi,00500,QT/00500/2013,RebekahHeidiGarcia@example.com,"""{(427)549-3609,663-725-5537}""",1996-05-30,Female,1,9,null,1,42,2013-08-05,2023-03-29,12,3,1998-04-21
019cd5db-b855-721d-9b36-8f99bc77555a,21,Kathleen,Rasmussen,Jeremy,00500,QT/00500/2023,KathleenJeremyRasmussen@example.com,"""{696-825-1107,8975064607}""",1990-06-16,Female,3,11,null,1,49,2023-11-20,2001-01-13,12,1,2024-02-28
019cd5db-b857-7326-ba76-0dfafa47b7d0,19,Tonya,Dodson,Laura,00500,QT/00500/2019,TonyaLauraDodson@example.com,"""{(892)643-7272,(985)996-7787}""",1978-07-03,Female,1,11,null,1,49,2019-03-13,2005-04-10,10,2,1997-10-17
019cd5db-b858-75f0-ae75-673f5f99f5c5,11,Amy,Simmons,Michael,00500,QT/00500/2010,AmyMichaelSimmons@example.com,"""{9297101137,8063317450}""",1995-07-06,Female,2,4,null,1,49,2010-10-04,2022-07-01,10,1,1998-12-26
019cd5db-b859-7029-8e74-79facbfbd1f6,16,Taylor,Hernandez,N/A,00500,QT/00500/2018,TaylorHernandez@example.com,"""{(900)287-6208,6827225084}""",1975-11-05,Female,5,9,null,1,49,2018-11-18,2009-05-09,11,1,2005-11-22
019cd5db-b85b-7ee5-8445-f9ed0cf2f152,15,Melinda,Greene,Angela,00500,QT/00500/2014,MelindaAngelaGreene@example.com,"""{(902)799-8547,(211)700-6325}""",1993-12-09,Female,3,11,null,1,50,2014-07-19,2012-05-22,12,3,2013-05-23
019cd5db-b85d-7516-88c0-856806f66689,1,Karen,Dougherty,N/A,00500,QT/00500/2021,KarenDougherty@example.com,"""{845-987-5826,431-365-2429}""",1985-03-23,Female,4,9,null,1,50,2021-07-08,2006-09-16,12,2,2004-07-26
019cd5db-b85e-7fef-91d8-e0e3e5c31344,21,Jennifer,Martin,Philip,00500,QT/00500/2006,JenniferPhilipMartin@example.com,"""{(370)413-6135,(524)509-7834}""",1991-08-25,Female,2,9,null,1,50,2006-06-17,2019-05-29,1,1,2024-09-11
019cd5db-b860-7db3-8d4a-f58646c3e542,12,Jessica,Brooks,John,00500,QT/00500/2017,JessicaJohnBrooks@example.com,"""{(732)615-0833,2518460650}""",1997-09-12,Female,3,5,null,1,50,2017-02-13,2004-06-09,8,3,2011-09-13
019cd5db-b861-7b8b-9a3b-838cefa08f13,19,John,Davis,N/A,00500,QT/00500/2019,JohnDavis@example.com,"""{568-605-6535,(450)752-0034}""",1981-12-24,Male,1,9,null,1,4,2019-03-12,2021-07-09,7,2,2001-12-10
019cd5db-b863-7bda-9542-cd3757662250,4,Patricia,Montgomery,Sarah,00500,QT/00500/2009,PatriciaSarahMontgomery@example.com,"""{3948696162,589-951-7803}""",1990-06-11,Female,4,3,null,1,4,2009-03-13,2012-02-11,7,2,2014-09-23
019cd5db-b864-7a07-8477-844990830bb2,17,David,Williams,Carla,00500,QT/00500/2012,DavidCarlaWilliams@example.com,"""{(331)879-9235,889-571-9636}""",1999-01-23,Male,5,12,null,1,4,2012-07-07,2009-03-14,4,1,2010-11-03
019cd5db-b866-795f-b419-fbe4f0bc8a02,11,Katherine,Morris,N/A,00500,QT/00500/2012,KatherineMorris@example.com,"""{(688)714-2707,757-232-9488}""",1978-06-05,Female,1,7,null,1,4,2012-11-06,2012-04-29,12,3,2014-10-18
019cd5db-b867-7762-adc5-21b767a60662,14,Amanda,Roberts,N/A,00500,QT/00500/2015,AmandaRoberts@example.com,"""{(354)595-0961,216-473-8492}""",1988-04-19,Female,2,3,null,1,4,2015-03-15,2019-04-13,2,3,2009-03-30
019cd5db-b868-7dcd-8018-d98110d51369,1,Beverly,Grimes,Cassandra,00500,QT/00500/2024,BeverlyCassandraGrimes@example.com,"""{731-349-4639,7355206129}""",1987-02-25,Female,4,11,null,1,4,2024-03-01,2016-12-19,5,2,2014-04-10
019cd5db-b86a-7f7e-8469-acdc7b1b5958,7,Cheyenne,Gonzalez,N/A,00500,QT/00500/2011,CheyenneGonzalez@example.com,"""{(650)720-7180,(411)746-4398}""",2000-11-18,Female,1,7,null,1,5,2011-01-02,2007-02-12,12,1,2005-03-12
019cd5db-b86b-7dd8-b07a-ae36cf56f5a2,21,Peggy,Underwood,Jill,00500,QT/00500/2010,PeggyJillUnderwood@example.com,"""{3542515398,301-383-7887}""",1998-01-25,Female,3,12,null,1,5,2010-02-21,2002-03-17,2,3,2010-12-18
019cd5db-b86d-7831-9861-26f4ecaaf288,9,Bianca,Green,Robert,00500,QT/00500/2007,BiancaRobertGreen@example.com,"""{8758465585,6844252849}""",1984-05-13,Female,4,6,null,1,5,2007-08-27,2012-04-19,8,3,2010-04-12
019cd5db-b86e-7e0c-8a9f-a1e40152ff52,20,Brian,Smith,Rachel,00500,QT/00500/2012,BrianRachelSmith@example.com,"""{(407)854-3027,754-851-3600}""",1976-07-14,Male,4,5,null,1,5,2012-11-14,2021-02-24,7,3,1999-07-07
019cd5db-b870-7f56-9afc-458a6cb0a651,14,Marie,Powell,Amanda,00500,QT/00500/2019,MarieAmandaPowell@example.com,"""{4067430667,2946319151}""",1972-06-23,Female,3,11,null,1,5,2019-06-02,2001-06-01,1,2,2011-07-25
019cd5db-b871-7a75-8748-b6f15efcedab,12,Jason,Juarez,N/A,00500,QT/00500/2015,JasonJuarez@example.com,"""{472-921-3081,653-291-1067}""",1990-07-31,Male,3,10,null,1,5,2015-10-29,2009-09-01,11,2,2017-05-25
019cd5db-b872-76ae-8728-c0df26d0da12,19,Scott,Coleman,Heidi,00500,QT/00500/2019,ScottHeidiColeman@example.com,"""{(627)548-2094,7783470661}""",1997-12-18,Male,4,10,null,1,6,2019-04-17,1998-06-28,2,2,1998-01-31
019cd5db-b874-7313-ba46-d9cd7d2d7ba7,27,Zachary,Blake,Joann,00500,QT/00500/2007,ZacharyJoannBlake@example.com,"""{8153144638,340-249-7286}""",1982-12-30,Male,1,7,null,1,6,2007-08-23,2019-05-19,10,1,2010-07-23
019cd5db-b875-7871-afeb-9031879e4fb5,21,Jeffrey,Roberts,Jeremy,00500,QT/00500/2022,JeffreyJeremyRoberts@example.com,"""{3466149415,(549)405-0225}""",1988-06-27,Male,3,4,null,1,6,2022-08-08,1999-01-26,11,1,2014-10-26
019cd5db-b877-75c1-8f59-602d14ec8b8e,1,Mary,Miller,Kristen,00500,QT/00500/2022,MaryKristenMiller@example.com,"""{313-699-9820,5373849554}""",1986-03-05,Female,3,12,null,1,6,2022-09-23,2016-09-06,3,1,2015-08-07
019cd5db-b878-79e3-ba1a-dc121575b933,9,Sarah,Thornton,N/A,00500,QT/00500/2015,SarahThornton@example.com,"""{541-642-4739,680-438-2352}""",1986-10-29,Female,5,11,null,1,6,2015-05-23,2019-07-03,3,1,1996-11-05
019cd5db-b879-72e9-b71b-c46b89831235,8,Mallory,Perez,Justin,00500,QT/00500/2021,MalloryJustinPerez@example.com,"""{774-970-5543,(335)640-5489}""",1972-10-09,Female,1,9,null,1,6,2021-01-08,2016-07-29,7,1,1996-05-23
019cd5db-b87b-739a-a051-7a70ce6fd4fd,18,Richard,Ray,Amy,00500,QT/00500/2012,RichardAmyRay@example.com,"""{429-988-4510,839-837-0517}""",1990-08-21,Male,5,11,null,1,16,2012-11-02,2024-11-18,12,3,2024-10-13
019cd5db-b87c-7861-b462-8b900198ecf3,16,Michael,Stewart,Jeanette,00500,QT/00500/2008,MichaelJeanetteStewart@example.com,"""{9188523512,3049046886}""",1978-09-26,Male,4,9,null,1,16,2008-10-26,2000-04-06,9,2,2021-05-11
019cd5db-b87e-7393-b82b-3fd0bea74bc9,8,Todd,Velez,N/A,00500,QT/00500/2016,ToddVelez@example.com,"""{546-974-3903,(784)751-2500}""",1986-05-25,Male,2,6,null,1,16,2016-03-31,2001-01-12,12,3,2009-09-29
019cd5db-b87f-7902-8dcd-491f618927c5,14,Sherri,Donaldson,Christine,00500,QT/00500/2013,SherriChristineDonaldson@example.com,"""{(895)269-2452,(712)401-7416}""",1995-01-18,Female,2,12,null,1,16,2013-05-12,2013-05-06,9,1,2000-03-15
019cd5db-b881-7f3c-9573-40e57ced56d5,19,Rachel,Ferguson,Lori,00500,QT/00500/2009,RachelLoriFerguson@example.com,"""{4653594439,7564868284}""",1976-08-13,Female,1,9,null,1,16,2009-08-22,2014-04-19,2,3,2009-02-09
019cd5db-b882-75c4-9b4e-0bbbfeea222a,26,Sean,Fernandez,N/A,00500,QT/00500/2023,SeanFernandez@example.com,"""{(940)543-7073,(744)891-5996}""",1993-04-30,Male,1,12,null,1,16,2023-01-02,2017-07-04,9,1,1998-05-21
019cd5db-b884-7f89-8974-5b1436a2b224,9,Jessica,Massey,Jasmin,00500,QT/00500/2009,JessicaJasminMassey@example.com,"""{(921)318-2982,5496071621}""",1991-02-10,Female,1,12,null,1,17,2009-09-14,2018-09-11,10,1,2005-09-07
019cd5db-b885-7051-aac0-bbe6e1bc0c2f,18,Brianna,Rogers,Derek,00500,QT/00500/2013,BriannaDerekRogers@example.com,"""{2884276287,3478169690}""",1983-11-04,Female,2,8,null,1,17,2013-11-02,2000-02-08,2,1,2014-01-23
019cd5db-b887-7177-a24e-b39a0f68a64b,14,Whitney,Wright,Charles,00500,QT/00500/2020,WhitneyCharlesWright@example.com,"""{8672637286,(694)757-1115}""",1982-09-03,Female,5,6,null,1,17,2020-06-09,1999-01-30,6,1,2016-07-07
019cd5db-b888-75af-8930-e4762a68424b,8,Cassie,Gonzales,N/A,00500,QT/00500/2017,CassieGonzales@example.com,"""{(251)400-6027,(867)572-7741}""",1976-11-07,Female,3,7,null,1,17,2017-10-21,2024-08-21,4,1,1998-11-21
019cd5db-b889-7abe-a953-82bce2ed1390,18,Beverly,Miller,N/A,00500,QT/00500/2023,BeverlyMiller@example.com,"""{9555472190,2093953815}""",1979-01-06,Female,3,11,null,1,17,2023-08-25,2006-05-13,7,1,2019-12-01
019cd5db-b88b-75f1-91ad-0a4b6abe22dc,12,Sarah,Browning,Michael,00500,QT/00500/2016,SarahMichaelBrowning@example.com,"""{962-623-2484,(844)840-1604}""",1991-04-30,Female,2,6,null,1,17,2016-12-29,2000-01-15,4,1,1997-03-06
019cd5db-b88c-7e50-a8c3-ab494fa4142c,8,Greg,Powell,N/A,00500,QT/00500/2006,GregPowell@example.com,"""{(780)860-0124,217-350-2842}""",1982-12-07,Male,5,8,null,1,18,2006-10-01,2015-10-12,5,3,2024-04-17
019cd5db-b88e-7c8d-a494-59d2adf7a350,9,Rhonda,Mack,N/A,00500,QT/00500/2015,RhondaMack@example.com,"""{848-554-0346,(670)616-8313}""",2000-12-19,Female,2,12,null,1,18,2015-02-01,2025-11-06,11,3,2008-10-29
019cd5db-b88f-7b43-afc3-3dcfa31c8bbe,18,Kelly,Torres,Nicholas,00500,QT/00500/2007,KellyNicholasTorres@example.com,"""{9516155688,(538)902-8621}""",1990-03-08,Female,4,11,null,1,18,2007-11-28,2021-07-20,8,1,2001-11-15
019cd5db-b891-7193-b4a2-2bf5f511da3d,13,Melissa,Clark,Bradley,00500,QT/00500/2008,MelissaBradleyClark@example.com,"""{6154500419,(429)935-1055}""",1977-11-15,Female,5,4,null,1,18,2008-05-05,2018-04-17,1,2,2020-11-11
019cd5db-b892-7f59-8096-a19dbab75bc6,13,Timothy,Miller,N/A,00500,QT/00500/2023,TimothyMiller@example.com,"""{(548)346-4574,677-654-2845}""",1977-03-06,Male,1,9,null,1,18,2023-04-02,2023-03-22,5,2,2013-08-14
019cd5db-b893-7c62-b738-d39bd7ab298e,8,Meagan,Simon,Mike,00500,QT/00500/2011,MeaganMikeSimon@example.com,"""{(238)694-4743,(494)580-1711}""",1997-05-26,Female,4,4,null,1,18,2011-09-05,2024-02-04,4,3,2018-12-25
019cd5db-b895-702f-9338-260417939bbd,18,Jose,Brown,Tammy,00500,QT/00500/2011,JoseTammyBrown@example.com,"""{677-926-5427,(453)504-9417}""",1996-08-20,Male,4,4,null,1,27,2011-05-05,2021-11-12,9,1,2011-07-11
019cd5db-b897-7d18-95bf-3b40437104ac,20,Eric,Peters,N/A,00500,QT/00500/2018,EricPeters@example.com,"""{245-991-7052,2429191733}""",1979-02-04,Male,1,8,null,1,27,2018-09-08,2010-03-30,7,2,2012-09-21
019cd5db-b898-7cea-8547-704410211720,14,Karen,Pope,N/A,00500,QT/00500/2007,KarenPope@example.com,"""{(202)779-7046,8087496064}""",2000-12-10,Female,2,5,null,1,27,2007-04-30,2023-11-29,9,2,2002-04-15
019cd5db-b899-72ed-83eb-4f8e317c6592,28,James,Gibson,N/A,00500,QT/00500/2008,JamesGibson@example.com,"""{(214)605-6098,498-993-9679}""",1991-02-16,Male,2,3,null,1,27,2008-10-02,2015-04-05,11,1,2022-07-08
019cd5db-b89b-7865-9ab2-a3de68f570ad,2,Christine,Baker,N/A,00500,QT/00500/2022,ChristineBaker@example.com,"""{4529734646,4915467197}""",1995-08-09,Female,1,9,null,1,27,2022-04-04,2015-06-17,2,3,2018-03-30
019cd5db-b89d-73d5-92d0-947b610a7aac,13,Amanda,Jones,Christopher,00500,QT/00500/2013,AmandaChristopherJones@example.com,"""{556-962-6940,8065099406}""",1999-03-08,Female,4,3,null,1,27,2013-06-02,2018-06-15,2,2,2015-09-17
019cd5db-b89f-7bdd-9889-4ac1a6889f27,9,Amber,Nelson,Regina,00500,QT/00500/2015,AmberReginaNelson@example.com,"""{4649601016,(878)298-6887}""",1987-08-29,Female,1,11,null,1,28,2015-01-23,2023-02-24,7,1,2019-09-30
019cd5db-b8a0-7cc1-a992-a35ad74c6025,17,Danny,Thompson,Shelly,00500,QT/00500/2007,DannyShellyThompson@example.com,"""{(874)928-6000,(289)868-3525}""",1986-10-29,Male,1,7,null,1,28,2007-11-19,2021-04-29,5,1,2019-01-20
019cd5db-b8a2-78ef-9f97-3baf99de7f30,6,Maria,Spencer,Mathew,00500,QT/00500/2023,MariaMathewSpencer@example.com,"""{502-224-2003,(580)263-5444}""",1985-03-10,Female,3,11,null,1,28,2023-09-12,2021-09-03,11,3,2019-05-18
019cd5db-b8a3-7bf9-a631-c53b71941e66,5,Kim,Kim,N/A,00500,QT/00500/2008,KimKim@example.com,"""{7626673984,2352353119}""",1978-05-11,Female,1,12,null,1,28,2008-02-02,2001-09-14,3,1,2022-12-21
019cd5db-b8a5-7308-8167-464f30aecfa2,15,Brittany,Smith,Brian,00500,QT/00500/2015,BrittanyBrianSmith@example.com,"""{(562)240-0311,373-512-7025}""",1999-02-02,Female,4,11,null,1,28,2015-08-13,2024-08-28,10,2,2008-09-01
019cd5db-b8a6-7726-9442-1bcb51daebfe,11,Taylor,Olson,Melanie,00500,QT/00500/2011,TaylorMelanieOlson@example.com,"""{(743)509-4440,(993)759-5687}""",1980-10-08,Female,5,10,null,1,28,2011-03-23,2022-03-19,3,1,2006-08-03
019cd5db-b8a8-7cb4-b2c6-89f311de421d,13,Pamela,Mccann,N/A,00500,QT/00500/2023,PamelaMccann@example.com,"""{3133369668,(560)525-3082}""",1990-08-19,Female,2,12,null,1,35,2023-04-06,2000-01-05,10,1,2023-12-15
019cd5db-b8aa-7706-a151-788a08d824ad,17,Drew,Evans,N/A,00500,QT/00500/2017,DrewEvans@example.com,"""{(265)429-8222,(239)477-1214}""",1985-07-23,Male,4,4,null,1,35,2017-02-12,2018-04-29,7,3,2023-10-14
019cd5db-b8ab-7d53-9708-5b385a2fa192,18,Kevin,Powell,Carolyn,00500,QT/00500/2008,KevinCarolynPowell@example.com,"""{(369)363-7674,224-886-0944}""",1984-06-02,Male,1,10,null,1,35,2008-01-30,2003-03-12,4,1,2020-02-05
019cd5db-b8ad-7e7b-bf86-e6cd1d518ae1,11,Randy,Rowe,Melissa,00500,QT/00500/2020,RandyMelissaRowe@example.com,"""{9057229864,(210)420-2052}""",1999-07-28,Male,3,6,null,1,35,2020-08-13,2019-08-13,3,3,2006-08-01
019cd5db-b8ae-7c12-8987-14e702553c83,6,Michelle,Rivas,Paul,00500,QT/00500/2011,MichellePaulRivas@example.com,"""{776-996-3436,993-679-4569}""",1997-05-12,Female,5,10,null,1,35,2011-04-23,2017-12-22,12,1,2024-06-16
019cd5db-b8af-753b-a507-d92c74d3ec6d,19,Eric,Morales,N/A,00500,QT/00500/2011,EricMorales@example.com,"""{(927)613-6200,474-302-4417}""",1971-04-21,Male,4,5,null,1,35,2011-03-13,2025-12-23,2,2,2017-09-12
019cd5db-b8b1-7ce5-9817-b20e2c0b7381,14,Sylvia,Kennedy,Linda,00500,QT/00500/2020,SylviaLindaKennedy@example.com,"""{(895)534-0810,(746)267-4200}""",1992-05-19,Female,2,11,null,1,36,2020-01-12,2025-03-30,9,2,2023-08-30
019cd5db-b8b3-7ccb-a7b4-5368b5a7d72f,10,Sergio,Lee,N/A,00500,QT/00500/2016,SergioLee@example.com,"""{306-771-4887,(230)234-5623}""",1991-03-30,Male,5,7,null,1,36,2016-02-14,2002-10-12,4,3,2017-04-05
019cd5db-b8b4-7348-a75f-dc1a70f3355e,6,Angela,Flores,Jeremiah,00500,QT/00500/2009,AngelaJeremiahFlores@example.com,"""{2028421164,(964)415-6658}""",1972-01-13,Female,1,8,null,1,36,2009-12-26,2024-03-02,5,1,1998-06-15
019cd5db-b8b5-70b5-b79e-334c19eca6b8,8,John,Austin,N/A,00500,QT/00500/2006,JohnAustin@example.com,"""{760-211-3754,979-257-8816}""",1983-05-25,Male,5,9,null,1,36,2006-05-16,2002-05-25,4,1,2019-06-20
019cd5db-b8b7-734d-9050-857eed4b273b,4,Ashley,Kirk,Matthew,00500,QT/00500/2017,AshleyMatthewKirk@example.com,"""{3222173584,5533584258}""",1977-08-26,Female,3,11,null,1,36,2017-06-25,2003-12-06,3,3,2013-03-28
019cd5db-b8b8-7d27-819b-bd0da327c892,1,Alexis,Hernandez,Ivan,00500,QT/00500/2019,AlexisIvanHernandez@example.com,"""{478-961-0072,(961)509-9801}""",1996-01-07,Female,3,5,null,1,36,2019-10-02,2021-04-16,4,2,2003-12-04
019cd5db-b8ba-7171-80cb-adf3394476a4,16,Cathy,Brewer,Nicole,00500,QT/00500/2010,CathyNicoleBrewer@example.com,"""{9595053530,6599913756}""",1990-08-15,Female,3,9,null,1,43,2010-06-25,2012-07-22,3,2,2009-01-15
019cd5db-b8bb-7d16-afe0-9cce1cbf9ede,10,Crystal,Anthony,N/A,00500,QT/00500/2019,CrystalAnthony@example.com,"""{489-438-7699,(413)387-8839}""",1994-09-09,Female,3,4,null,1,43,2019-08-04,2013-12-17,1,3,2023-01-05
019cd5db-b8bc-7693-a352-758b1bace4e4,17,Joe,Williams,Tyler,00500,QT/00500/2021,JoeTylerWilliams@example.com,"""{7528715955,(638)265-5345}""",1993-04-07,Male,1,8,null,1,43,2021-08-14,1998-06-21,11,3,2006-09-09
019cd5db-b8be-7aca-a1c1-bf6f40ff6511,19,Kelly,Hunter,N/A,00500,QT/00500/2012,KellyHunter@example.com,"""{(465)722-9714,(607)470-2010}""",1996-07-30,Female,3,8,null,1,43,2012-04-08,2024-10-29,6,2,2018-05-11
019cd5db-b8bf-73a6-992b-d7c42d0a245a,16,Michael,Ramos,N/A,00500,QT/00500/2011,MichaelRamos@example.com,"""{536-814-0316,(727)722-1365}""",1986-08-28,Male,2,11,null,1,43,2011-12-23,2002-05-20,2,2,2015-04-05
019cd5db-b8c0-784f-bc28-7fad5789d0f9,9,Kathy,Mitchell,N/A,00500,QT/00500/2014,KathyMitchell@example.com,"""{7532046534,2778407266}""",1989-04-15,Female,5,5,null,1,43,2014-06-21,2015-12-26,5,3,2018-01-31
019cd5db-b8c2-7bce-8ef2-2bfeeb9b713a,20,Angela,Gonzalez,N/A,00500,QT/00500/2021,AngelaGonzalez@example.com,"""{7682472056,(519)249-2521}""",1973-02-18,Female,1,4,null,1,44,2021-11-15,1998-01-24,4,1,2011-08-21
019cd5db-b8c4-7a8a-80f8-918675b65cee,24,Jimmy,Cantu,N/A,00500,QT/00500/2010,JimmyCantu@example.com,"""{328-497-1639,(215)843-0065}""",1973-12-30,Male,1,12,null,1,44,2010-02-17,2012-11-14,10,3,2010-12-20
019cd5db-b8c5-7ea2-af9c-2b2ee2e149eb,5,Erica,Yoder,Melvin,00500,QT/00500/2010,EricaMelvinYoder@example.com,"""{(209)560-4577,(343)235-7926}""",1975-01-12,Female,2,9,null,1,44,2010-02-22,2002-08-17,4,1,2018-07-04
019cd5db-b8c7-7db3-b0b7-6fcf517c926d,25,Patrick,Kim,Kathleen,00500,QT/00500/2012,PatrickKathleenKim@example.com,"""{3659784500,4802665591}""",1985-02-13,Male,3,9,null,1,44,2012-10-25,2004-11-15,2,2,2013-03-10
019cd5db-b8c8-7c4e-aadf-b47556feed31,21,Yvonne,Burns,N/A,00500,QT/00500/2013,YvonneBurns@example.com,"""{(607)489-3498,(876)980-7663}""",1986-04-24,Female,4,5,null,1,44,2013-05-04,2019-02-24,1,1,2023-11-14
019cd5db-b8c9-75fc-874b-feaef4077a03,9,David,Castro,Amanda,00500,QT/00500/2023,DavidAmandaCastro@example.com,"""{(400)397-1408,(479)458-5789}""",1985-01-04,Male,3,4,null,1,44,2023-03-17,2004-03-10,7,2,1997-11-07
019cd5db-b8cc-7d1d-b32f-a31105d19167,2,Jennifer,Larson,Donna,00500,QT/00500/2020,JenniferDonnaLarson@example.com,"""{935-787-0458,3075432452}""",1994-12-11,Female,5,8,null,1,51,2020-04-03,1997-06-13,10,1,2023-02-14
019cd5db-b8ce-7a33-bf4c-498f1a5ed803,2,Samantha,Terry,Nichole,00500,QT/00500/2011,SamanthaNicholeTerry@example.com,"""{3426426292,(841)853-9323}""",1999-02-12,Female,1,5,null,1,51,2011-06-19,2000-04-14,2,1,2024-01-28
019cd5db-b8cf-7bed-bc2f-2a8e6a1d38fd,19,Ashley,Yang,Brenda,00500,QT/00500/2020,AshleyBrendaYang@example.com,"""{2455525351,651-906-0327}""",1971-11-22,Female,5,8,null,1,51,2020-06-11,2002-07-31,4,2,2012-04-02
019cd5db-b8d1-711b-b4ff-68d6fa42ddd4,25,Travis,Gibson,Chloe,00500,QT/00500/2017,TravisChloeGibson@example.com,"""{825-998-8635,432-461-4512}""",1992-08-23,Male,3,5,null,1,51,2017-12-08,2014-03-18,1,3,2009-01-07
019cd5db-b8d2-7e11-b962-a722bdd46ce9,28,Allen,Carpenter,Stephanie,00500,QT/00500/2021,AllenStephanieCarpenter@example.com,"""{786-739-6437,3315164145}""",2000-08-18,Male,3,10,null,1,51,2021-09-11,2002-09-28,3,1,2004-09-28
019cd5db-b8d3-7e2b-90c6-2c89f16e56f4,16,Steven,Richards,N/A,00500,QT/00500/2017,StevenRichards@example.com,"""{8667087592,(780)921-3616}""",1995-04-10,Male,5,10,null,1,51,2017-07-28,2023-08-11,2,2,2010-03-02
019cd5db-b8d5-78c6-a4cf-fa8e28b18544,9,Christina,Wilson,N/A,00500,QT/00500/2015,ChristinaWilson@example.com,"""{(549)259-8837,867-875-0092}""",1990-09-29,Female,4,7,null,1,52,2015-10-29,2009-06-17,3,3,2010-04-16
019cd5db-b8d7-7c14-8a55-d613d54b7b32,22,Todd,Patterson,Lydia,00500,QT/00500/2010,ToddLydiaPatterson@example.com,"""{(697)664-1222,336-845-2673}""",1984-04-18,Male,1,11,null,1,52,2010-03-10,2016-05-29,1,2,2010-03-03
019cd5db-b8d8-7bb8-8bca-57b9e84ba945,13,Alexis,Terry,N/A,00500,QT/00500/2022,AlexisTerry@example.com,"""{(275)683-3124,(308)818-5433}""",1982-01-18,Female,2,9,null,1,52,2022-10-29,2001-10-26,10,2,2007-08-08
019cd5db-b8da-7850-86eb-3c542dde2462,18,Julia,Callahan,N/A,00500,QT/00500/2007,JuliaCallahan@example.com,"""{498-461-7139,961-474-1251}""",1973-03-27,Female,4,10,null,1,52,2007-12-29,2016-07-01,11,3,2014-07-13
019cd5db-b8db-71cf-9ceb-7f9a1f109c68,2,Crystal,Jimenez,Tanya,00500,QT/00500/2022,CrystalTanyaJimenez@example.com,"""{(362)570-0249,8484062034}""",1998-03-23,Female,3,6,null,1,52,2022-02-24,2022-04-04,1,1,2022-11-08
019cd5db-b8dc-7f83-89d3-25895767c114,13,Andrew,Shelton,Jacob,00500,QT/00500/2008,AndrewJacobShelton@example.com,"""{753-223-8165,656-762-8692}""",1979-03-22,Male,4,8,null,1,52,2008-07-03,2004-09-17,1,2,2018-10-14
019cd5db-b8de-7fbf-96fd-2ae1da39c972,8,Abigail,Smith,N/A,00500,QT/00500/2009,AbigailSmith@example.com,"""{(213)395-5424,8936818988}""",1976-06-10,Female,3,12,null,1,52,2009-01-12,2020-12-28,11,1,2021-08-16
019cd5db-b8e0-7129-a1ae-dcf63c8dd032,17,Olivia,Case,N/A,00500,QT/00500/2006,OliviaCase@example.com,"""{(251)422-5221,2638704229}""",1992-01-05,Female,1,9,null,1,52,2006-10-21,1996-10-04,4,1,2001-04-07
019cd5db-b8e2-76f6-82cc-8d884ce1c91b,19,Corey,Martin,James,00500,QT/00500/2011,CoreyJamesMartin@example.com,"""{563-936-2328,571-520-8493}""",1998-06-28,Male,4,8,null,1,52,2011-08-02,2022-01-07,7,3,2023-09-07
019cd5db-b8e3-7ca0-ba17-cd8c5589cd0f,10,Janice,Jones,N/A,00500,QT/00500/2017,JaniceJones@example.com,"""{(743)878-8049,402-237-0687}""",1971-10-03,Female,2,11,null,1,52,2017-12-23,2022-07-30,11,3,2009-02-04
019cd5db-b8e4-7f65-a839-e2375033f19a,17,David,Williams,N/A,00500,QT/00500/2007,DavidWilliams@example.com,"""{883-815-1132,2698297904}""",1982-11-19,Male,2,7,null,1,52,2007-10-20,2000-05-25,12,2,2021-08-14
019cd5db-b8e6-74c3-92ad-ff0fda769db4,15,Jack,Nguyen,Melissa,00500,QT/00500/2017,JackMelissaNguyen@example.com,"""{218-882-4095,5802559183}""",1981-07-25,Male,5,6,null,1,52,2017-03-08,2004-09-04,12,1,2005-07-26
019cd5db-b8e7-756b-a6eb-707f37091853,16,Nicholas,Munoz,N/A,00500,QT/00500/2020,NicholasMunoz@example.com,"""{500-311-7706,8173702659}""",1976-05-02,Male,5,11,null,1,52,2020-05-17,2019-04-18,1,2,2020-11-19
019cd5db-b8e8-756e-af47-76a9e09f0101,2,Alicia,Richmond,James,00500,QT/00500/2021,AliciaJamesRichmond@example.com,"""{7643386808,3038747234}""",1976-11-17,Female,5,8,null,1,52,2021-05-29,2013-10-20,2,2,2000-10-19
019cd5db-b8ea-7f61-ae8d-c261e4424831,10,Erin,Mitchell,Kenneth,00500,QT/00500/2009,ErinKennethMitchell@example.com,"""{485-860-1339,(495)707-1065}""",1972-07-16,Female,1,9,null,1,52,2009-11-26,2024-12-19,11,1,2004-04-01
019cd5db-b8eb-7037-a802-fb885c27200e,15,Brian,Perry,N/A,00500,QT/00500/2007,BrianPerry@example.com,"""{8436243502,669-543-2621}""",1987-01-09,Male,2,11,null,1,52,2007-08-20,2010-04-13,9,2,2003-01-20
019cd5db-b8ec-7bd6-92ca-92dea49327da,22,Mandy,Stokes,N/A,00500,QT/00500/2016,MandyStokes@example.com,"""{8608973685,580-787-0204}""",1988-10-18,Female,5,10,null,1,52,2016-10-19,1997-08-26,8,1,2021-01-16
019cd5db-b8ee-7e61-b844-b1738fe86fcd,21,Lori,Ferguson,Yvette,00500,QT/00500/2019,LoriYvetteFerguson@example.com,"""{5624161573,896-618-1616}""",1994-12-15,Female,4,4,null,1,52,2019-06-13,1996-06-17,5,2,1997-05-28
019cd5db-b8ef-799f-a0dd-ad2b180c7770,24,Bryan,Graham,Michele,00500,QT/00500/2023,BryanMicheleGraham@example.com,"""{7627004182,8805846490}""",1982-12-14,Male,2,8,null,1,52,2023-04-21,2001-11-15,7,1,2018-07-15
019cd5db-b8f1-76a0-93f4-afd8274be64f,12,Renee,Wade,N/A,00500,QT/00500/2021,ReneeWade@example.com,"""{8166299585,(676)914-3513}""",1977-07-03,Female,1,12,null,1,52,2021-07-18,2015-11-24,8,3,2013-04-08
019cd5db-b8f2-7666-ac26-46f6a5773070,1,Andrea,Zimmerman,Nicholas,00500,QT/00500/2010,AndreaNicholasZimmerman@example.com,"""{249-641-0353,4765522024}""",1977-01-21,Female,2,11,null,1,52,2010-03-18,2017-04-11,2,1,2001-09-13
019cd5db-b8f4-7917-83c9-b440ceb4bfda,4,Tanya,House,Laura,00500,QT/00500/2010,TanyaLauraHouse@example.com,"""{9454263948,330-319-8087}""",1998-09-05,Female,3,5,null,1,52,2010-01-20,2004-02-22,4,1,2009-09-05
019cd5db-b8f5-73b1-bcb2-c1c88bc9194f,17,Vanessa,Booth,N/A,00500,QT/00500/2018,VanessaBooth@example.com,"""{3478620305,9664905862}""",1992-05-25,Female,5,9,null,1,52,2018-02-28,2016-09-22,1,1,2000-12-18
019cd5db-b8f7-70ef-8a8f-8e9fca71f6e8,29,Benjamin,Lewis,N/A,00500,QT/00500/2008,BenjaminLewis@example.com,"""{615-715-2238,(290)846-5869}""",1989-08-21,Male,1,3,null,1,52,2008-05-23,2020-06-18,8,3,2019-11-02
019cd5db-b8f8-71d9-a984-a3af9faded31,12,James,Smith,N/A,00500,QT/00500/2011,JamesSmith@example.com,"""{970-566-0250,450-689-3129}""",1973-05-08,Male,3,10,null,1,52,2011-09-13,2009-09-12,11,1,2020-02-25
019cd5db-b8fa-796f-a92f-83e9616bfc78,15,Amy,Cantrell,N/A,00500,QT/00500/2021,AmyCantrell@example.com,"""{(321)879-8730,(657)256-7695}""",1983-09-05,Female,5,8,null,1,52,2021-05-06,2003-04-06,4,1,2008-06-22
019cd5db-b8fb-7a17-a267-5e7293a8f9a3,20,Christopher,Rivera,Jessica,00500,QT/00500/2018,ChristopherJessicaRivera@example.com,"""{9529392893,(826)645-3420}""",1972-01-26,Male,5,10,null,1,52,2018-07-14,2026-01-22,7,2,2005-01-25
019cd5db-b8fc-7155-a19f-bd7775d84d9d,8,Kim,Jensen,Marie,00500,QT/00500/2020,KimMarieJensen@example.com,"""{265-616-6240,984-758-7678}""",1988-05-04,Female,3,6,null,1,52,2020-02-05,2013-06-24,2,2,2000-05-15
019cd5db-b8fe-7e52-b2f8-ed82bd46285e,3,Maria,Thomas,N/A,00500,QT/00500/2016,MariaThomas@example.com,"""{(519)674-1827,4122088296}""",1980-01-12,Female,2,8,null,1,52,2016-04-07,1998-03-09,9,1,2026-01-08
019cd5db-b8ff-79b0-896f-a8405119ec1f,12,Ryan,Bates,John,00500,QT/00500/2016,RyanJohnBates@example.com,"""{445-681-2415,817-862-3061}""",1993-09-12,Male,2,5,null,1,52,2016-10-06,2012-11-20,8,2,2010-04-26
019cd5db-b901-7225-bb31-a5e899b20909,26,Jonathan,Horn,N/A,00500,QT/00500/2008,JonathanHorn@example.com,"""{8403090449,748-322-5578}""",1997-12-10,Male,2,3,null,1,52,2008-06-04,2004-08-31,10,2,2009-04-16
019cd5db-b902-7459-a01f-6e919eaf92b1,8,Sherry,Simpson,Michael,00500,QT/00500/2020,SherryMichaelSimpson@example.com,"""{8553964104,462-821-4589}""",1986-08-09,Female,2,9,null,1,52,2020-07-30,2023-10-24,6,2,2024-01-19
019cd5db-b903-73dd-8619-c7a0c8d2f8ff,17,Heather,Rojas,Haley,00500,QT/00500/2016,HeatherHaleyRojas@example.com,"""{5066296733,3716055913}""",1973-05-18,Female,4,3,null,1,52,2016-10-18,2018-09-17,2,2,2002-11-30
019cd5db-b905-7806-b437-76bf8fb7020c,17,Deborah,Young,Victoria,00500,QT/00500/2008,DeborahVictoriaYoung@example.com,"""{900-752-5408,9653667480}""",1999-05-31,Female,2,7,null,1,52,2008-06-04,1999-03-18,9,2,2017-12-19
019cd5db-b906-7d3d-925e-060c9ca13430,14,David,Walsh,Juan,00500,QT/00500/2021,DavidJuanWalsh@example.com,"""{4918290284,216-330-0528}""",1997-04-03,Male,1,7,null,1,52,2021-07-19,2004-12-08,1,1,2009-10-24
019cd5db-b907-7b3c-b202-94fa5a805046,8,Loretta,Malone,N/A,00500,QT/00500/2019,LorettaMalone@example.com,"""{(534)390-8042,(315)487-7209}""",1982-05-30,Female,1,9,null,1,52,2019-08-05,2017-01-11,6,3,1996-05-26
019cd5db-b90a-713d-be3b-1463a2e92562,25,James,Lewis,Patrick,00500,QT/00500/2013,JamesPatrickLewis@example.com,"""{4498276768,879-511-8667}""",1986-12-28,Male,2,8,null,1,52,2013-01-17,2007-09-06,1,3,2021-01-10
019cd5db-b90b-7be2-8b18-7a8a4ffb61c2,23,Jeffrey,Miller,N/A,00500,QT/00500/2009,JeffreyMiller@example.com,"""{916-655-3120,(568)455-9301}""",1999-11-27,Male,5,12,null,1,52,2009-11-06,2014-08-23,9,2,2014-10-23
019cd5db-b90c-7d5f-81fa-2cc12be3be36,11,Faith,Williams,Rachel,00500,QT/00500/2020,FaithRachelWilliams@example.com,"""{5215323340,(698)678-7214}""",1996-06-06,Female,5,11,null,1,52,2020-04-09,1997-09-17,2,3,1998-07-25
019cd5db-b90e-7c74-8d27-4912afd9d4c3,17,Jessica,Rivera,William,00500,QT/00500/2006,JessicaWilliamRivera@example.com,"""{(722)671-0204,525-321-3001}""",1972-12-27,Female,5,4,null,1,52,2006-08-07,2020-04-27,1,1,2011-12-19
019cd5db-b90f-7786-af12-168faf18644e,16,Randall,Curry,N/A,00500,QT/00500/2016,RandallCurry@example.com,"""{934-502-5872,(604)811-1769}""",1973-09-24,Male,4,7,null,1,52,2016-08-05,2011-07-29,1,1,1999-11-01
019cd5db-b911-7cb7-bbc7-19be737508d8,19,Justin,Wilson,Julie,00500,QT/00500/2013,JustinJulieWilson@example.com,"""{2542999205,801-526-3325}""",1977-06-08,Male,5,5,null,1,52,2013-10-06,2015-10-11,7,1,2003-12-11
019cd5db-b913-75d1-87c4-ffd065fffb74,27,William,Simon,Karen,00500,QT/00500/2011,WilliamKarenSimon@example.com,"""{(243)752-3175,(551)959-3761}""",1981-10-06,Male,2,4,null,1,52,2011-12-18,2021-08-29,2,1,2021-11-20
019cd5db-b914-75f4-8d0a-d85bb72387a5,23,Dylan,Johnson,Paul,00500,QT/00500/2008,DylanPaulJohnson@example.com,"""{5295272882,722-729-6007}""",1991-01-20,Male,2,4,null,1,52,2008-01-10,1998-07-19,4,3,2007-06-06
019cd5db-b916-792b-b205-aa3198434d48,21,Bruce,Burke,Stephanie,00500,QT/00500/2023,BruceStephanieBurke@example.com,"""{428-295-7614,4477026469}""",1998-05-08,Male,5,12,null,1,52,2023-07-19,2016-07-19,8,2,2004-11-08
019cd5db-b917-7ec3-8419-2d8ba9f5fb31,17,Alex,Coleman,N/A,00500,QT/00500/2009,AlexColeman@example.com,"""{498-244-3227,8586513391}""",2000-05-15,Male,2,3,null,1,52,2009-10-04,2021-10-17,12,2,2008-12-18
019cd5db-b918-79b0-b07f-4bbc5a0865bc,22,Kristi,French,David,00500,QT/00500/2021,KristiDavidFrench@example.com,"""{6729960465,(373)508-3200}""",1977-09-25,Female,5,9,null,1,52,2021-11-15,2018-08-04,1,2,2019-03-05
019cd5db-b91a-726c-ad3f-3aac70b876b1,28,Edgar,Chen,N/A,00500,QT/00500/2018,EdgarChen@example.com,"""{554-659-1897,269-808-2909}""",1991-02-03,Male,3,5,null,1,52,2018-10-23,2001-02-09,3,1,2016-05-05
019cd5db-b91b-7012-b420-2fd125b70ca5,17,Raymond,Evans,Andrew,00500,QT/00500/2018,RaymondAndrewEvans@example.com,"""{868-983-3983,918-962-6245}""",1984-02-20,Male,5,6,null,1,52,2018-04-12,2009-07-23,10,2,2007-07-12
019cd5db-b91d-7fe5-a7ef-61e2aca2e57d,2,Ann,Brooks,Gina,00500,QT/00500/2023,AnnGinaBrooks@example.com,"""{8525808445,2253049541}""",1989-09-13,Female,1,3,null,1,52,2023-10-15,1996-09-10,4,1,2002-06-22
019cd5db-b91e-787a-ae82-16536dc6cd6e,11,Jared,Cunningham,Danny,00500,QT/00500/2016,JaredDannyCunningham@example.com,"""{(721)420-2548,9388664513}""",1973-02-15,Male,2,6,null,1,52,2016-10-10,2009-06-14,2,1,2007-02-27
019cd5db-b920-70f7-bee9-c523a4ea3c89,14,Lisa,Krueger,Mark,00500,QT/00500/2012,LisaMarkKrueger@example.com,"""{944-249-4404,(797)329-8481}""",1996-01-09,Female,2,6,null,1,52,2012-12-13,2024-11-23,11,2,2003-01-08
019cd5db-b922-7559-aa3c-72882922b010,18,Miranda,Patel,Clarence,00500,QT/00500/2017,MirandaClarencePatel@example.com,"""{5843075699,(539)372-6796}""",2000-02-29,Female,3,9,null,1,52,2017-06-06,2004-09-09,5,2,2015-12-05
019cd5db-b923-7186-8af5-0d27a0c1832e,6,Katie,Graves,Maurice,00500,QT/00500/2022,KatieMauriceGraves@example.com,"""{981-658-8334,4687848308}""",1984-02-23,Female,1,8,null,1,52,2022-09-25,2007-04-14,4,3,2025-01-24
019cd5db-b925-74c1-955e-dca285525b25,12,Amy,Massey,Sarah,00500,QT/00500/2021,AmySarahMassey@example.com,"""{(467)468-8086,497-899-2812}""",1991-08-22,Female,2,11,null,1,52,2021-02-15,2010-11-15,8,3,2008-11-29
019cd5db-b926-7718-a909-e4d622713ede,12,Jessica,Johnson,Keith,00500,QT/00500/2022,JessicaKeithJohnson@example.com,"""{625-441-4137,(755)322-7260}""",1982-03-25,Female,3,12,null,1,52,2022-08-19,2001-01-26,5,3,2021-02-03
019cd5db-b927-7c75-b254-f65ef69e78c1,8,Richard,Brown,N/A,00500,QT/00500/2011,RichardBrown@example.com,"""{322-378-0453,(200)362-2768}""",1975-11-21,Male,2,7,null,1,52,2011-12-28,2006-10-28,6,2,2001-08-19
019cd5db-b929-7c94-a4b8-b2af822e9dd4,19,Daniel,Henderson,N/A,00500,QT/00500/2011,DanielHenderson@example.com,"""{912-853-4312,9172790535}""",1994-08-17,Male,5,10,null,1,52,2011-09-11,2025-10-25,8,2,2021-11-03
019cd5db-b92a-76bc-9709-49b5f7e31d4e,8,Billy,Floyd,N/A,00500,QT/00500/2017,BillyFloyd@example.com,"""{(548)788-9222,(814)941-7581}""",1976-08-16,Male,1,3,null,1,52,2017-11-26,2017-10-11,8,3,2000-08-12
019cd5db-b92b-7071-b7ec-9c3e98506299,29,Tanner,Mccoy,N/A,00500,QT/00500/2007,TannerMccoy@example.com,"""{985-952-4525,(448)648-5952}""",1973-04-28,Male,3,5,null,1,52,2007-02-26,2020-03-28,3,1,2014-01-15
019cd5db-b92d-7b10-9a63-95cef74546bb,14,Antonio,Weiss,Timothy,00500,QT/00500/2006,AntonioTimothyWeiss@example.com,"""{(488)689-8712,2909165303}""",1982-09-07,Male,4,10,null,1,52,2006-04-22,2005-09-01,8,1,2006-08-08
019cd5db-b92e-787c-9ddc-8214669d3718,12,Joshua,Herman,N/A,00500,QT/00500/2011,JoshuaHerman@example.com,"""{738-289-3458,321-999-7446}""",2000-09-20,Male,5,3,null,1,52,2011-05-18,2018-06-09,1,3,2015-02-09
019cd5db-b92f-7139-868a-eeb240bc3844,10,Jacob,Hester,Randy,00500,QT/00500/2007,JacobRandyHester@example.com,"""{8697684882,(443)717-8872}""",2000-05-29,Male,3,7,null,1,52,2007-06-17,2003-09-12,2,3,2006-10-11
019cd5db-b931-760a-8394-9fe31ff6149f,12,Todd,Jackson,N/A,00500,QT/00500/2007,ToddJackson@example.com,"""{338-641-8956,(235)467-1213}""",1990-07-17,Male,4,12,null,1,52,2007-11-13,2011-06-18,9,2,2015-01-07
019cd5db-b932-7385-aa7a-81d3cdfdf3e5,15,Thomas,Diaz,N/A,00500,QT/00500/2018,ThomasDiaz@example.com,"""{5328778125,(710)447-5503}""",1990-07-21,Male,3,6,null,1,52,2018-10-05,1999-05-13,5,3,2016-12-20
019cd5db-b934-7560-a3fe-e0eb3c572509,9,Diana,Smith,N/A,00500,QT/00500/2023,DianaSmith@example.com,"""{7204337737,3438487296}""",1979-01-18,Female,1,7,null,1,52,2023-11-17,2014-06-25,4,2,2011-12-15
019cd5db-b936-7da2-970c-edc5cd28bab2,18,Charles,Lang,N/A,00500,QT/00500/2010,CharlesLang@example.com,"""{601-590-3635,666-238-6423}""",1981-06-07,Male,4,4,null,1,52,2010-12-06,2009-11-14,10,3,1997-08-05
019cd5db-b937-7e44-ae48-cdee803d9480,23,Christopher,Woodward,N/A,00500,QT/00500/2021,ChristopherWoodward@example.com,"""{7998733186,2993933856}""",1979-10-23,Male,5,4,null,1,52,2021-05-03,2018-09-27,1,3,2007-09-06
019cd5db-b938-72ed-864f-b519cba356a1,20,Thomas,Richards,N/A,00500,QT/00500/2014,ThomasRichards@example.com,"""{(295)208-2538,578-646-0826}""",1979-06-24,Male,2,4,null,1,52,2014-04-18,1999-08-30,1,2,2006-12-05
019cd5db-b93a-7772-864d-de704ae7511f,17,Michelle,Hamilton,Mark,00500,QT/00500/2019,MichelleMarkHamilton@example.com,"""{(206)686-4227,5565742101}""",1978-02-04,Female,2,5,null,1,52,2019-10-18,2013-10-30,1,1,2001-07-02
019cd5db-b93b-7a08-81fc-791f3ab709cb,11,Judy,Nguyen,N/A,00500,QT/00500/2008,JudyNguyen@example.com,"""{(626)384-9933,2537494434}""",1978-11-19,Female,1,8,null,1,52,2008-03-15,2018-04-22,11,2,2020-04-20
019cd5db-b93d-78b3-8ffa-859a7717ccbc,21,Lisa,Fowler,John,00500,QT/00500/2023,LisaJohnFowler@example.com,"""{378-580-9888,4252662612}""",1998-04-26,Female,4,4,null,1,52,2023-02-19,2018-11-04,11,1,2002-04-09
019cd5db-b93e-717a-8859-4aeb2912c578,5,Melanie,Ramos,Kerry,00500,QT/00500/2014,MelanieKerryRamos@example.com,"""{(533)608-0625,(212)976-1195}""",1985-10-03,Female,2,5,null,1,52,2014-01-24,2021-05-26,5,1,2022-04-05
019cd5db-b93f-7296-a0f5-4eac24e967df,15,Shaun,Underwood,N/A,00500,QT/00500/2012,ShaunUnderwood@example.com,"""{2633190305,902-575-5884}""",1976-11-07,Male,3,4,null,1,52,2012-10-13,2016-04-16,10,2,2009-06-29
019cd5db-b940-7447-8250-d1329d620da3,9,Kristin,Cole,Stephanie,00500,QT/00500/2022,KristinStephanieCole@example.com,"""{229-516-5662,254-764-5722}""",2000-02-08,Female,4,12,null,1,52,2022-07-29,2020-02-11,12,3,1998-08-18
019cd5db-b942-73a4-bbae-c922d2784755,21,Chris,Mckay,N/A,00500,QT/00500/2022,ChrisMckay@example.com,"""{910-252-8799,470-301-0300}""",1972-12-21,Male,4,9,null,1,52,2022-04-29,1998-01-03,4,3,2007-03-20
019cd5db-b943-7297-bf68-0fc402134c78,8,Paul,Campbell,N/A,00500,QT/00500/2016,PaulCampbell@example.com,"""{543-483-7688,2876594369}""",1980-01-02,Male,1,6,null,1,52,2016-03-25,2019-04-03,4,1,2024-10-15
019cd5db-b945-79ae-a6da-c983bcc4caaa,20,Sarah,Deleon,N/A,00500,QT/00500/2013,SarahDeleon@example.com,"""{(327)909-0151,5147248625}""",1989-04-18,Female,5,8,null,1,52,2013-10-08,1999-10-11,9,2,2024-07-10
019cd5db-b946-7b40-b5c0-ee6c04aad844,18,Mary,Hall,N/A,00500,QT/00500/2017,MaryHall@example.com,"""{365-451-6609,3293778226}""",1999-08-26,Female,2,5,null,1,52,2017-02-03,2015-11-29,3,3,2017-12-06
019cd5db-b947-7247-b684-4edb63e3d50e,25,John,Baker,Bradley,00500,QT/00500/2012,JohnBradleyBaker@example.com,"""{(318)228-1996,(432)522-3913}""",1984-12-17,Male,4,5,null,1,52,2012-10-24,2015-08-11,9,1,2025-03-20
019cd5db-b949-7a5c-96a7-ca22d8147334,4,Susan,Frederick,N/A,00500,QT/00500/2019,SusanFrederick@example.com,"""{5629802917,614-218-7703}""",1990-04-03,Female,2,8,null,1,52,2019-08-09,2009-11-03,11,3,1998-09-16
019cd5db-b94b-736d-93f2-1d423830e917,23,Evan,Phelps,N/A,00500,QT/00500/2014,EvanPhelps@example.com,"""{767-879-9204,(522)316-2566}""",1972-07-08,Male,1,5,null,1,52,2014-01-08,2019-11-18,11,2,2006-10-19
019cd5db-b94c-7f0f-b261-a7268ce5b0f0,21,Eric,Ali,Christian,00500,QT/00500/2009,EricChristianAli@example.com,"""{3009911397,(280)384-9393}""",1987-03-22,Male,1,6,null,1,52,2009-01-09,2022-09-25,12,2,2018-05-28
019cd5db-b94e-7839-8531-3041adec7f52,2,Amy,Gonzalez,N/A,00500,QT/00500/2011,AmyGonzalez@example.com,"""{(601)233-3920,(928)668-3322}""",1999-03-20,Female,4,5,null,1,52,2011-12-08,2021-10-09,4,2,2013-03-13
019cd5db-b94f-7d23-b3bc-61da58e37811,11,Cynthia,Day,N/A,00500,QT/00500/2011,CynthiaDay@example.com,"""{3776823540,719-906-1494}""",1993-04-30,Female,2,6,null,1,52,2011-05-04,2004-11-17,9,2,1996-05-17
019cd5db-b950-783b-b072-4e7684654c73,4,Stephanie,Hart,Amy,00500,QT/00500/2016,StephanieAmyHart@example.com,"""{(207)229-4407,782-887-2071}""",1971-11-05,Female,4,9,null,1,52,2016-03-23,2016-03-26,11,2,2012-07-12
019cd5db-b951-759f-a813-b080b25f8a62,19,Kathryn,Warner,N/A,00500,QT/00500/2014,KathrynWarner@example.com,"""{(379)321-4670,(855)341-2956}""",1992-10-28,Female,3,4,null,1,52,2014-11-23,2018-11-30,12,2,2014-05-05
019cd5db-b953-7a47-9d14-260ae26306f4,11,Shelley,Hernandez,N/A,00500,QT/00500/2014,ShelleyHernandez@example.com,"""{(548)667-6045,670-844-0355}""",1971-05-18,Female,4,6,null,1,52,2014-01-17,2021-02-26,11,2,2014-07-31
019cd5db-b954-751e-a586-6ed35974518c,14,Michael,Harris,Patricia,00500,QT/00500/2010,MichaelPatriciaHarris@example.com,"""{(266)848-7368,(937)849-2008}""",1999-08-20,Male,4,12,null,1,52,2010-05-04,2015-06-22,5,1,2006-09-13
019cd5db-b956-74e1-adc3-07f80e3753a9,16,Bruce,Hart,Ronald,00500,QT/00500/2021,BruceRonaldHart@example.com,"""{(839)253-5479,2939301988}""",1985-03-11,Male,4,10,null,1,52,2021-03-25,2010-01-28,6,2,2010-05-17
019cd5db-b957-79dd-81fe-7873e21933fd,8,Tammy,Davies,Maria,00500,QT/00500/2017,TammyMariaDavies@example.com,"""{5596994923,4005117342}""",1982-02-22,Female,3,9,null,1,52,2017-08-05,1999-08-05,6,3,2015-07-09
019cd5db-b958-78cf-af53-e136818a04a9,8,Luis,Pollard,Charles,00500,QT/00500/2007,LuisCharlesPollard@example.com,"""{762-421-6322,5586210701}""",1987-12-31,Male,2,6,null,1,52,2007-06-30,2020-01-10,1,3,2000-09-04
019cd5db-b95a-72dc-b529-c8b111d08f57,24,Thomas,Cox,Stacy,00500,QT/00500/2014,ThomasStacyCox@example.com,"""{624-823-7882,672-850-4942}""",1971-06-16,Male,2,10,null,1,52,2014-07-04,2002-09-13,11,3,1998-04-09
019cd5db-b95b-7d51-ad92-b2637acc1084,14,Robert,Duffy,N/A,00500,QT/00500/2008,RobertDuffy@example.com,"""{(651)936-8516,794-795-0642}""",1996-11-14,Male,5,7,null,1,52,2008-01-28,2011-02-24,9,3,1997-06-14
019cd5db-b95c-732f-a2bc-299bd68deab9,12,Craig,Yoder,N/A,00500,QT/00500/2017,CraigYoder@example.com,"""{(604)585-2758,9863619444}""",1990-01-05,Male,1,10,null,1,52,2017-12-06,2021-01-05,7,2,2020-06-29
019cd5db-b95e-7d43-b394-d1c31b1bedc3,18,Alexandra,Goodwin,Michael,00500,QT/00500/2022,AlexandraMichaelGoodwin@example.com,"""{(667)873-4173,(795)679-1904}""",1975-04-12,Female,2,12,null,1,52,2022-04-28,2018-02-19,4,3,2002-03-21
019cd5db-b960-7b0c-ba1e-70b4b4b17bd7,11,Emily,Garcia,Linda,00500,QT/00500/2009,EmilyLindaGarcia@example.com,"""{621-361-2955,(808)551-9773}""",1985-08-30,Female,5,10,null,1,52,2009-12-03,2002-07-16,7,1,2011-07-05
019cd5db-b962-7394-950e-bc972ac12896,10,Tonya,Sweeney,Connor,00500,QT/00500/2020,TonyaConnorSweeney@example.com,"""{745-950-3770,898-923-4238}""",1991-09-17,Female,2,10,null,1,52,2020-01-08,2002-01-01,3,2,2020-03-24
019cd5db-b963-722d-9977-4fa2db625267,14,Wendy,Allen,Jordan,00500,QT/00500/2015,WendyJordanAllen@example.com,"""{5477392909,6113867770}""",1980-10-14,Female,3,11,null,1,52,2015-08-08,2002-02-04,2,1,2016-10-31
019cd5db-b964-7012-9756-6d1ca35c405f,15,Karen,Davis,Elizabeth,00500,QT/00500/2014,KarenElizabethDavis@example.com,"""{837-327-8373,(919)784-4915}""",1982-12-25,Female,3,3,null,1,52,2014-08-21,2024-02-09,3,2,2017-11-10
019cd5db-b966-7396-9939-c9f0371b7889,27,Taylor,West,N/A,00500,QT/00500/2014,TaylorWest@example.com,"""{907-335-5164,9114781491}""",1993-07-19,Male,2,4,null,1,52,2014-05-17,2008-11-21,7,2,2018-04-07
019cd5db-b967-7167-bc18-aab2eaa3273e,10,Cindy,Jenkins,Mark,00500,QT/00500/2015,CindyMarkJenkins@example.com,"""{(581)742-8110,(917)953-9952}""",1998-01-31,Female,4,10,null,1,52,2015-05-02,2014-07-29,11,2,2013-07-01
019cd5db-b969-7e53-ab82-93128ecc5be7,5,Heather,Dunlap,N/A,00500,QT/00500/2006,HeatherDunlap@example.com,"""{(261)557-0511,763-386-1149}""",1989-03-09,Female,3,11,null,1,52,2006-10-29,2016-08-08,3,3,2008-09-08
019cd5db-b96a-791c-95b5-a5fb717c0f30,28,Jay,Ward,Jason,00500,QT/00500/2024,JayJasonWard@example.com,"""{696-480-4962,(287)703-3826}""",1993-04-27,Male,5,7,null,1,52,2024-03-07,2006-08-20,6,1,2024-03-26
019cd5db-b96b-7ce8-b3b3-c9719a6e69fb,14,Amy,Alvarez,Emma,00500,QT/00500/2010,AmyEmmaAlvarez@example.com,"""{(953)628-3554,7407571445}""",1990-09-28,Female,3,9,null,1,52,2010-03-12,2010-07-25,8,2,2003-11-10
019cd5db-b96d-763a-a1cb-67bdda5286f3,11,Bobby,Jimenez,Tina,00500,QT/00500/2016,BobbyTinaJimenez@example.com,"""{620-705-3585,(398)515-8201}""",1974-12-18,Male,2,4,null,1,52,2016-08-02,2000-12-01,8,2,2000-12-21
019cd5db-b96e-72dd-a6db-5c07e6ab919e,21,Richard,Jones,N/A,00500,QT/00500/2020,RichardJones@example.com,"""{787-974-6799,246-456-3419}""",1971-03-12,Male,5,9,null,1,52,2020-03-04,1997-10-10,3,2,2005-05-16
019cd5db-b96f-7e21-b5fb-1a42a748acd8,4,Ann,Steele,Harold,00500,QT/00500/2019,AnnHaroldSteele@example.com,"""{(482)727-3296,793-880-8632}""",1984-01-17,Female,1,6,null,1,52,2019-01-02,2023-10-27,12,1,2006-04-24
019cd5db-b971-7240-9791-b209875fb870,21,Angela,Hill,William,00500,QT/00500/2010,AngelaWilliamHill@example.com,"""{(244)840-2803,936-280-3627}""",1975-06-13,Female,4,8,null,1,52,2010-05-12,2014-07-14,4,2,2002-08-11
019cd5db-b972-7d6a-979e-c0d728f69e6d,29,David,Holland,Pamela,00500,QT/00500/2006,DavidPamelaHolland@example.com,"""{564-761-6505,(783)658-2256}""",1994-11-01,Male,5,12,null,1,52,2006-04-04,2019-12-09,3,1,1996-07-19
019cd5db-b974-7e6c-ad96-96972133bbe9,8,Tyler,Floyd,Brenda,00500,QT/00500/2014,TylerBrendaFloyd@example.com,"""{966-701-6351,3414796487}""",1979-08-18,Male,1,3,null,1,52,2014-03-27,1998-07-15,7,1,2017-05-02
019cd5db-b975-7db5-a88d-63a400789ece,11,Nicholas,Valenzuela,Thomas,00500,QT/00500/2013,NicholasThomasValenzuela@example.com,"""{3028157366,(395)583-7956}""",1997-07-13,Male,5,8,null,1,52,2013-07-08,2006-01-05,8,2,2024-11-19
019cd5db-b977-7a61-a00d-9a6ae0b1b859,6,Tammy,Walker,N/A,00500,QT/00500/2019,TammyWalker@example.com,"""{8275162635,883-626-4441}""",1974-10-12,Female,3,10,null,1,52,2019-06-14,1996-10-20,4,3,1998-05-05
019cd5db-b979-7ea9-9d7e-ef7328d0ed86,6,Heather,Mendoza,N/A,00500,QT/00500/2007,HeatherMendoza@example.com,"""{9108769249,323-542-3867}""",1992-12-01,Female,5,5,null,1,52,2007-08-25,2007-11-13,12,1,2014-05-01
019cd5db-b97a-75a9-a0b4-5519d436722c,28,Robert,Garcia,N/A,00500,QT/00500/2013,RobertGarcia@example.com,"""{7963697111,8784008338}""",1979-12-15,Male,1,12,null,1,52,2013-03-20,2006-05-05,11,3,2010-03-06
019cd5db-b97c-7c04-9aaa-6ea905cad98c,1,Susan,Johnson,N/A,00500,QT/00500/2019,SusanJohnson@example.com,"""{8126623854,(806)545-1280}""",1971-08-29,Female,3,10,null,1,52,2019-11-14,2005-08-13,9,1,2007-08-02
019cd5db-b97d-763b-b763-a0e9593eb72f,20,Connie,Duarte,Emily,00500,QT/00500/2019,ConnieEmilyDuarte@example.com,"""{632-515-5883,2294864548}""",1984-03-10,Female,5,6,null,1,52,2019-02-17,2015-07-15,11,1,2016-11-15
019cd5db-b97e-7c0e-a589-185cd15688ac,17,Julie,Martin,N/A,00500,QT/00500/2014,JulieMartin@example.com,"""{564-797-5400,608-802-4829}""",1973-09-17,Female,2,9,null,1,52,2014-07-25,2005-02-16,6,1,2023-03-16
019cd5db-b980-7fb9-b594-353feb939329,3,Ashley,Jackson,Larry,00500,QT/00500/2010,AshleyLarryJackson@example.com,"""{7934911296,(585)508-1246}""",1989-12-25,Female,4,5,null,1,52,2010-07-02,2025-04-18,12,1,2021-08-08
019cd5db-b981-7b2e-9251-a8192b00d22c,16,Justin,Wang,N/A,00500,QT/00500/2019,JustinWang@example.com,"""{(493)943-2692,(334)413-2466}""",1971-07-14,Male,2,12,null,1,52,2019-06-12,1996-12-05,9,3,2001-08-05
019cd5db-b982-7b1f-8cc3-c43807a49528,14,Erik,Monroe,Madeline,00500,QT/00500/2021,ErikMadelineMonroe@example.com,"""{698-803-1159,(799)922-0105}""",1979-09-20,Male,5,4,null,1,52,2021-08-15,1998-09-22,8,1,2020-08-31
019cd5db-b983-79b6-b620-b7daa95fa1fe,10,Steve,Bell,N/A,00500,QT/00500/2013,SteveBell@example.com,"""{999-659-2639,8346353518}""",1991-04-24,Male,4,8,null,1,52,2013-12-16,2004-07-08,9,2,2008-03-02
019cd5db-b985-793e-81b2-097561e4fbca,18,Christopher,Simpson,N/A,00500,QT/00500/2015,ChristopherSimpson@example.com,"""{257-698-3193,2886386881}""",1981-08-19,Male,3,4,null,1,52,2015-09-17,2020-03-03,2,2,2010-07-16
019cd5db-b986-705d-89f1-5776eb7e1c20,19,Ellen,Henson,N/A,00500,QT/00500/2021,EllenHenson@example.com,"""{879-384-6680,(282)264-6422}""",1995-03-09,Female,2,9,null,1,52,2021-05-13,1999-03-17,12,1,2009-11-25
019cd5db-b988-7180-ae19-8a0fe7e9d197,6,Nichole,Lane,Janice,00500,QT/00500/2009,NicholeJaniceLane@example.com,"""{(403)609-0674,(524)415-3178}""",1993-10-21,Female,3,10,null,1,52,2009-09-27,2020-01-13,9,3,2013-06-23
019cd5db-b989-7131-9df4-a0d4bda39c4f,4,Elizabeth,Bowman,Kristin,00500,QT/00500/2007,ElizabethKristinBowman@example.com,"""{2546457287,8234957904}""",2000-12-15,Female,2,4,null,1,52,2007-02-23,2000-05-11,11,3,2005-01-05
019cd5db-b98b-7cac-885e-aea7af37d807,12,Edward,Simon,James,00500,QT/00500/2024,EdwardJamesSimon@example.com,"""{577-408-7447,7543840020}""",1974-11-27,Male,5,10,null,1,52,2024-03-08,2015-06-06,11,3,1996-10-16
019cd5db-b98c-7baa-8a1b-af3a9e2f3fbf,6,Lisa,Gilbert,N/A,00500,QT/00500/2006,LisaGilbert@example.com,"""{452-560-6029,8566683019}""",1981-01-17,Female,1,11,null,1,52,2006-11-28,2000-10-16,7,2,2002-09-19
019cd5db-b98d-78a0-9c89-3eff3f3694ce,27,Dennis,Foley,James,00500,QT/00500/2009,DennisJamesFoley@example.com,"""{3048033766,637-530-4263}""",1976-08-19,Male,4,11,null,1,52,2009-06-06,1997-07-04,7,3,2015-11-28
019cd5db-b98f-7d68-9ad5-872426517e22,15,Brenda,Murray,N/A,00500,QT/00500/2015,BrendaMurray@example.com,"""{(418)833-0064,(420)554-0660}""",1974-02-10,Female,2,8,null,1,52,2015-10-28,2006-08-26,8,3,2007-12-15
019cd5db-b991-7d38-b7e6-954e93a95d0b,19,Garrett,Edwards,Christopher,00500,QT/00500/2007,GarrettChristopherEdwards@example.com,"""{(869)879-6449,389-656-7218}""",1988-04-04,Male,2,7,null,1,52,2007-02-17,2009-03-24,9,1,2014-08-02
019cd5db-b992-73b7-94f6-769a8ea21605,11,Jeremy,Richardson,Jamie,00500,QT/00500/2011,JeremyJamieRichardson@example.com,"""{2916330227,5362795991}""",1976-01-19,Male,4,6,null,1,52,2011-11-22,2001-11-17,6,1,2021-09-03
019cd5db-b993-77c0-ad9e-d62ade97f5b7,3,Cheryl,Warren,N/A,00500,QT/00500/2013,CherylWarren@example.com,"""{7337301600,(424)554-4556}""",1985-06-20,Female,2,12,null,1,52,2013-01-07,1998-05-26,2,3,2011-06-04
019cd5db-b995-7ac5-8669-7d9e7f8170be,29,Albert,Osborne,N/A,00500,QT/00500/2013,AlbertOsborne@example.com,"""{2278939021,2715049950}""",1992-10-16,Male,1,8,null,1,52,2013-11-02,1996-10-29,4,3,2022-01-28
019cd5db-b996-7ea7-bcd7-ff94e5bf592a,12,John,King,Robert,00500,QT/00500/2020,JohnRobertKing@example.com,"""{3583025065,4389263365}""",1979-10-02,Male,2,5,null,1,52,2020-10-21,2005-04-17,5,1,2012-06-26
019cd5db-b997-7734-8a56-001ded800a5d,20,Trevor,Ward,N/A,00500,QT/00500/2011,TrevorWard@example.com,"""{5384985677,(976)811-1825}""",2000-10-03,Male,5,7,null,1,52,2011-04-21,2005-10-06,7,3,2025-11-05
019cd5db-b999-7a83-b6e5-b7e50b727f46,11,Renee,King,Michelle,00500,QT/00500/2018,ReneeMichelleKing@example.com,"""{3178929423,9906074672}""",1989-09-21,Female,5,7,null,1,52,2018-07-22,2016-11-21,11,2,2003-06-19
019cd5db-b99a-7233-921a-03698a79afeb,8,Monica,Middleton,N/A,00500,QT/00500/2011,MonicaMiddleton@example.com,"""{6197670337,(312)790-2234}""",1977-08-16,Female,3,12,null,1,52,2011-12-03,2002-10-20,8,2,1999-04-14
019cd5db-b99c-77c5-9b24-37eb112c068c,13,Jillian,Wright,John,00500,QT/00500/2018,JillianJohnWright@example.com,"""{539-807-4495,(482)876-9481}""",1975-04-09,Female,2,12,null,1,52,2018-06-17,2019-09-23,12,2,2004-03-02
019cd5db-b99d-7048-be81-6edc51bb497e,17,Denise,Gilbert,N/A,00500,QT/00500/2015,DeniseGilbert@example.com,"""{(451)675-0461,7838602084}""",1995-04-08,Female,2,4,null,1,52,2015-04-15,2002-03-05,12,2,2009-06-07
019cd5db-b99e-7331-8e27-e60b56921f90,4,Sandra,Duffy,N/A,00500,QT/00500/2019,SandraDuffy@example.com,"""{(910)578-0176,(292)331-9944}""",1986-07-19,Female,4,5,null,1,52,2019-08-11,2008-07-06,10,3,2006-01-16
019cd5db-b9a0-7286-8c29-1b12f8a36c1c,18,David,Blake,Patricia,00500,QT/00500/2020,DavidPatriciaBlake@example.com,"""{2533406498,235-826-3056}""",1980-02-08,Male,1,12,null,1,52,2020-06-24,2023-11-20,12,1,1996-07-23
019cd5db-b9a2-79a8-a3f6-cdab920fa463,29,Chad,Floyd,Robin,00500,QT/00500/2022,ChadRobinFloyd@example.com,"""{9517955617,599-449-7914}""",1994-11-29,Male,3,12,null,1,52,2022-07-09,2019-02-06,12,3,2004-08-23
019cd5db-b9a4-71ef-82f0-429039570950,8,Cody,Franklin,Chelsea,00500,QT/00500/2006,CodyChelseaFranklin@example.com,"""{(510)453-5935,545-552-2084}""",1998-01-30,Male,3,12,null,1,52,2006-11-05,2021-10-16,6,1,2007-01-19
019cd5db-b9a5-711b-8cab-9e467b335c24,16,Paul,Marshall,N/A,00500,QT/00500/2011,PaulMarshall@example.com,"""{9662546459,3114210656}""",1973-10-01,Male,2,8,null,1,52,2011-11-20,2003-12-09,3,1,2019-03-09
019cd5db-b9a6-7c3a-bdca-3f012544542a,13,Melinda,Nguyen,N/A,00500,QT/00500/2023,MelindaNguyen@example.com,"""{8815588464,2142541261}""",2000-09-30,Female,1,4,null,1,52,2023-03-23,2016-06-10,7,2,2005-03-07
019cd5db-b9a7-75d8-bfd7-e345a9ba59eb,17,Joann,Hudson,Richard,00500,QT/00500/2013,JoannRichardHudson@example.com,"""{858-317-2978,4516580913}""",1989-04-20,Female,3,5,null,1,52,2013-10-01,2005-10-27,11,1,2016-05-08
019cd5db-b9a9-7710-8da8-a0e068df2a10,24,Jason,Mckee,David,00500,QT/00500/2010,JasonDavidMckee@example.com,"""{2482122364,738-566-7167}""",1995-06-28,Male,2,7,null,1,52,2010-07-18,2014-07-29,6,3,2017-07-04
019cd5db-b9aa-788b-80e0-428e39c30405,16,Lauren,Zimmerman,Jerry,00500,QT/00500/2022,LaurenJerryZimmerman@example.com,"""{9237717185,763-612-6697}""",2000-01-29,Female,3,9,null,1,52,2022-11-22,2011-06-18,2,2,2001-04-29
019cd5db-b9ac-7b49-b059-c277fbd90dd0,13,Jennifer,Frye,N/A,00500,QT/00500/2022,JenniferFrye@example.com,"""{(547)231-3270,(555)468-7910}""",1985-03-18,Female,3,7,null,1,52,2022-09-04,2009-05-02,6,1,2025-07-28
019cd5db-b9ad-72cd-ae33-dedd8c8e6b10,9,Amanda,Jackson,Ricky,00500,QT/00500/2007,AmandaRickyJackson@example.com,"""{6189980191,5216293663}""",1972-07-13,Female,2,8,null,1,52,2007-10-11,2010-03-28,6,2,2011-12-06
019cd5db-b9ae-771f-a627-546c0e247f8d,20,Heather,Owens,N/A,00500,QT/00500/2016,HeatherOwens@example.com,"""{770-483-8545,863-677-4836}""",1984-08-28,Female,2,3,null,1,52,2016-07-01,2018-09-21,10,1,2026-02-18
019cd5db-b9b0-7797-a6d2-add24a5e0ea8,4,Chelsea,Jordan,Stephen,00500,QT/00500/2007,ChelseaStephenJordan@example.com,"""{6176117515,658-235-4857}""",1983-04-21,Female,1,10,null,1,52,2007-11-01,2018-03-15,1,2,2026-02-19
019cd5db-b9b1-7657-ba03-fa1fa2388f60,27,Robert,Welch,N/A,00500,QT/00500/2021,RobertWelch@example.com,"""{(389)488-4619,(881)624-0040}""",1995-10-04,Male,4,6,null,1,52,2021-03-21,2015-09-08,4,2,2005-10-08
019cd5db-b9b2-70dd-a705-4cc352a8f940,2,Donna,Salas,Christina,00500,QT/00500/2015,DonnaChristinaSalas@example.com,"""{6087464161,(914)512-1694}""",1985-04-07,Female,1,9,null,1,52,2015-06-21,2014-10-12,9,3,2005-08-08
019cd5db-b9b4-7be2-bb1a-fb3fcbcb4c21,14,Ann,Cook,N/A,00500,QT/00500/2019,AnnCook@example.com,"""{(902)820-7241,3687524314}""",1997-02-20,Female,1,7,null,1,52,2019-05-07,2006-04-11,8,2,2006-04-08
019cd5db-b9b7-778e-b578-4ef3827587b3,22,Sara,Velazquez,Carly,00500,QT/00500/2023,SaraCarlyVelazquez@example.com,"""{451-344-6520,812-200-9584}""",1989-09-06,Female,3,7,null,1,52,2023-08-23,2010-09-19,5,2,2006-10-31
019cd5db-b9b8-7a66-94ee-aa88e89dc675,22,Ian,Frey,Christina,00500,QT/00500/2006,IanChristinaFrey@example.com,"""{(488)487-9147,774-271-3604}""",1995-02-09,Male,1,4,null,1,52,2006-05-09,2022-07-25,5,1,2003-06-16
019cd5db-b9ba-708d-ace1-b625a72a3be8,23,Cameron,Trujillo,Danielle,00500,QT/00500/2018,CameronDanielleTrujillo@example.com,"""{882-415-3698,(943)884-5569}""",1976-08-08,Male,4,9,null,1,52,2018-08-02,2019-05-24,6,1,2013-06-11
019cd5db-b9bb-7ced-a27e-57a425493751,9,Michael,Adkins,N/A,00500,QT/00500/2022,MichaelAdkins@example.com,"""{804-283-2256,812-888-0279}""",1988-07-27,Male,3,4,null,1,52,2022-12-09,2005-06-06,11,2,1997-03-31
019cd5db-b9bd-7062-9a47-45bec24f102d,25,Clifford,Hall,N/A,00500,QT/00500/2011,CliffordHall@example.com,"""{9278775275,3742022346}""",1986-06-29,Male,3,3,null,1,52,2011-12-10,2022-01-11,1,2,2013-03-22
019cd5db-b9be-7b54-94df-40f836f84d0d,22,Christina,Morrow,N/A,00500,QT/00500/2015,ChristinaMorrow@example.com,"""{(284)713-1254,6868417455}""",1982-09-22,Female,1,5,null,1,52,2015-12-26,2009-08-18,5,3,2011-03-10
019cd5db-b9bf-7645-9a0b-ac841e9a7d45,22,Valerie,Jennings,N/A,00500,QT/00500/2010,ValerieJennings@example.com,"""{9937591473,984-798-0416}""",1989-05-13,Female,1,4,null,1,52,2010-08-27,2015-12-07,8,3,2023-07-10
019cd5db-b9c1-7277-a023-4c193a68013a,20,Cynthia,Booth,Robert,00500,QT/00500/2013,CynthiaRobertBooth@example.com,"""{4557397735,5997022129}""",1986-08-25,Female,3,4,null,1,52,2013-03-16,2004-10-07,1,2,2010-01-05
019cd5db-b9c2-7a7a-8a68-85f29bcfece0,8,Jacob,Miller,N/A,00500,QT/00500/2009,JacobMiller@example.com,"""{(768)987-2923,(948)944-0853}""",1998-12-05,Male,3,3,null,1,52,2009-07-02,2017-07-30,2,3,2015-07-17
019cd5db-b9c4-7004-868a-677cde1976a3,28,Stephen,Townsend,N/A,00500,QT/00500/2008,StephenTownsend@example.com,"""{3122570330,9342571372}""",1998-12-31,Male,3,6,null,1,52,2008-12-23,2016-03-13,4,2,2018-06-26
019cd5db-b9c5-7aad-ba28-1049086999ca,19,Bradley,Savage,Kristen,00500,QT/00500/2009,BradleyKristenSavage@example.com,"""{(876)498-0198,7767928605}""",1994-08-17,Male,3,11,null,1,52,2009-09-21,2006-07-09,4,3,2006-09-20
019cd5db-b9c6-721c-8ae5-8e4d8bfe39ca,4,Susan,Knox,James,00500,QT/00500/2009,SusanJamesKnox@example.com,"""{7397359243,964-563-9677}""",1991-10-03,Female,4,4,null,1,52,2009-12-18,2011-08-15,4,2,2010-03-14
019cd5db-b9c7-7043-a1b1-6dc50a188026,8,Alexander,Hudson,John,00500,QT/00500/2015,AlexanderJohnHudson@example.com,"""{693-965-0815,(851)475-9231}""",1971-07-31,Male,1,10,null,1,52,2015-02-20,2025-04-13,3,1,2008-12-09
019cd5db-b9c9-76ad-8665-42148ee41a48,3,Rachel,Wallace,N/A,00500,QT/00500/2018,RachelWallace@example.com,"""{(411)465-6283,934-953-0247}""",1976-12-11,Female,5,10,null,1,52,2018-09-19,2001-04-08,5,3,2001-08-27
019cd5db-b9ca-76b6-98ee-f1a55e8ba6d3,15,Kelly,Miller,N/A,00500,QT/00500/2013,KellyMiller@example.com,"""{563-936-6434,222-496-4625}""",1974-09-06,Female,5,4,null,1,52,2013-12-31,2025-03-31,11,3,2001-06-21
019cd5db-b9cd-7eaf-a402-99620b3503ac,8,Jorge,Vincent,N/A,00500,QT/00500/2012,JorgeVincent@example.com,"""{2576993820,3984475006}""",1998-01-21,Male,2,10,null,1,52,2012-09-29,2013-02-19,10,3,2010-12-12
019cd5db-b9ce-7bb2-aadf-812c66782f4e,8,Kimberly,Schmitt,Susan,00500,QT/00500/2022,KimberlySusanSchmitt@example.com,"""{(709)611-6223,8466437296}""",1993-12-07,Female,5,8,null,1,52,2022-07-08,2008-09-18,12,3,2008-08-07
019cd5db-b9cf-7639-a767-31db94b06a99,13,Howard,Patrick,Julie,00500,QT/00500/2021,HowardJuliePatrick@example.com,"""{7754477035,230-532-4170}""",1991-06-07,Male,4,9,null,1,52,2021-09-22,1999-05-12,8,3,2013-09-18
019cd5db-b9d1-7792-b622-378c10aa11d0,24,Anthony,Rodriguez,N/A,00500,QT/00500/2015,AnthonyRodriguez@example.com,"""{442-942-8818,761-738-7871}""",1995-07-22,Male,3,12,null,1,52,2015-11-17,1997-06-28,5,2,2018-03-17
019cd5db-b9d2-797d-b288-fc5d448ac0ab,6,Kimberly,Kramer,Michael,00500,QT/00500/2023,KimberlyMichaelKramer@example.com,"""{(585)403-2833,425-918-7717}""",1987-12-15,Female,1,10,null,1,52,2023-10-26,2006-07-31,5,1,2011-10-19
019cd5db-b9d3-7679-a610-ec027ffa3ed6,3,Melissa,Scott,N/A,00500,QT/00500/2022,MelissaScott@example.com,"""{5134579194,(731)577-8806}""",1978-10-14,Female,5,4,null,1,52,2022-09-25,2011-05-14,11,3,1996-07-03
019cd5db-b9d5-71dd-9fd5-5bb09411a740,11,Alexandra,Peterson,Douglas,00500,QT/00500/2015,AlexandraDouglasPeterson@example.com,"""{(705)769-0827,2566371063}""",1989-10-03,Female,2,5,null,1,52,2015-04-19,2012-09-30,3,1,1997-01-27
019cd5db-b9d6-70e7-90ab-a4dac585f571,22,Donna,Scott,N/A,00500,QT/00500/2019,DonnaScott@example.com,"""{5736403996,728-710-5916}""",1994-01-08,Female,1,3,null,1,52,2019-03-26,2020-02-18,8,3,1999-12-02
019cd5db-b9d8-7541-9391-2b48643ce7be,21,David,White,Sandy,00500,QT/00500/2014,DavidSandyWhite@example.com,"""{(325)759-8304,(657)933-5962}""",1989-04-22,Male,1,9,null,1,52,2014-08-18,2001-04-15,8,3,2018-04-27
019cd5db-b9d9-7702-8f03-d775d7ec55df,19,Ryan,Walker,Christine,00500,QT/00500/2016,RyanChristineWalker@example.com,"""{2602573759,9607994221}""",1982-11-16,Male,5,4,null,1,52,2016-07-18,1997-05-01,11,1,2007-02-19
019cd5db-b9da-7321-953d-91b6486d88fc,14,Stephen,Bowers,Eric,00500,QT/00500/2012,StephenEricBowers@example.com,"""{3004222917,(586)273-7950}""",1982-07-15,Male,4,4,null,1,52,2012-08-28,2021-02-18,4,1,2023-01-07
019cd5db-b9dc-7cba-b69a-1dc348344c07,2,Diane,Sanchez,N/A,00500,QT/00500/2020,DianeSanchez@example.com,"""{2085632449,716-792-6541}""",1979-06-03,Female,3,10,null,1,52,2020-05-31,2002-08-07,5,1,1997-03-27
019cd5db-b9de-70ed-8f2e-f7514728b759,18,James,Anderson,Peter,00500,QT/00500/2009,JamesPeterAnderson@example.com,"""{(298)745-9950,967-650-3294}""",1974-02-08,Male,5,11,null,1,52,2009-03-23,2011-02-09,8,3,1997-09-26
019cd5db-b9df-78f5-ae21-aa46064bae64,27,Christian,Hines,N/A,00500,QT/00500/2011,ChristianHines@example.com,"""{866-422-8478,631-255-3050}""",1997-08-13,Male,5,8,null,1,52,2011-08-04,2009-06-28,8,3,2026-01-21
019cd5db-b9e1-7efd-b82e-1b73adf99b6a,27,Paul,Cummings,Robert,00500,QT/00500/2008,PaulRobertCummings@example.com,"""{475-629-2268,7569595263}""",1973-12-14,Male,1,6,null,1,52,2008-08-31,2006-01-01,5,2,2016-02-05
019cd5db-b9e4-703e-97f3-a0a78ff6f13a,4,Brenda,Owens,N/A,00500,QT/00500/2023,BrendaOwens@example.com,"""{(388)774-7098,(573)697-7097}""",1988-08-23,Female,2,5,null,1,52,2023-01-24,2025-08-19,9,2,2013-01-08
019cd5db-b9e5-764a-8a1e-474e3ac6c78d,14,Leslie,Salas,N/A,00500,QT/00500/2013,LeslieSalas@example.com,"""{(720)512-5231,5075909182}""",1984-07-31,Female,3,5,null,1,52,2013-05-14,2005-10-25,11,2,2023-09-14
019cd5db-b9e7-7fe2-a951-489f385675ff,12,Melissa,Simon,Christopher,00500,QT/00500/2015,MelissaChristopherSimon@example.com,"""{(621)438-8488,2083604081}""",1975-10-15,Female,2,5,null,1,52,2015-01-25,2011-07-12,4,1,2004-07-02
019cd5db-b9e8-749a-b5ad-4f3e89ea1569,19,Matthew,Shaw,Sandra,00500,QT/00500/2006,MatthewSandraShaw@example.com,"""{586-205-9044,3074070803}""",1976-08-27,Male,1,7,null,1,52,2006-08-17,2011-04-16,8,2,2008-09-10
019cd5db-b9ea-7e63-a6a9-3d193b1cad3b,3,Tina,Bowman,Toni,00500,QT/00500/2023,TinaToniBowman@example.com,"""{391-441-3799,6748720035}""",1991-03-31,Female,4,12,null,1,52,2023-06-17,2020-12-26,7,1,2003-10-24
019cd5db-b9eb-7688-87a9-6df2ae277511,18,Carolyn,Moreno,N/A,00500,QT/00500/2016,CarolynMoreno@example.com,"""{750-412-5641,738-427-0035}""",1991-07-06,Female,4,4,null,1,52,2016-09-27,2024-04-06,11,3,1996-06-18
019cd5db-b9ec-72a4-bf7b-4801e4629f31,11,Tracey,Garcia,Tara,00500,QT/00500/2008,TraceyTaraGarcia@example.com,"""{528-967-1668,691-992-8052}""",1988-12-15,Female,3,11,null,1,52,2008-12-22,2017-01-14,8,1,2020-01-12
019cd5db-b9ee-79de-9f7d-752a0a2e6ac4,7,Debra,Ford,Elizabeth,00500,QT/00500/2023,DebraElizabethFord@example.com,"""{4846850040,517-944-1120}""",1979-09-10,Female,1,11,null,1,52,2023-08-23,2007-02-01,6,3,2025-10-02
019cd5db-b9ef-7943-ab96-39a9db57b67d,7,Marissa,Smith,N/A,00500,QT/00500/2021,MarissaSmith@example.com,"""{552-738-0408,928-370-3225}""",1994-10-01,Female,3,4,null,1,52,2021-10-08,2002-08-23,6,1,2021-09-16
019cd5db-b9f1-70a1-8dc3-76d51ecc5864,10,Ana,Henry,Brad,00500,QT/00500/2019,AnaBradHenry@example.com,"""{(202)772-8045,(276)334-5969}""",1999-10-25,Female,3,11,null,1,52,2019-07-16,2018-12-21,1,3,2011-03-03
019cd5db-b9f2-7911-905e-91d579fb0111,19,Samantha,Fox,Amber,00500,QT/00500/2016,SamanthaAmberFox@example.com,"""{(780)687-5328,(609)399-2703}""",1997-05-12,Female,4,7,null,1,52,2016-12-24,1998-03-25,2,3,2019-07-02
019cd5db-b9f3-7c7d-bf4b-42cb01482b20,23,Roy,Winters,Justin,00500,QT/00500/2008,RoyJustinWinters@example.com,"""{321-873-1861,3558271955}""",1992-01-05,Male,3,12,null,1,52,2008-07-24,2012-05-15,1,1,2000-11-09
019cd5db-b9f5-7440-b2ad-e3515f5c6b55,23,Vincent,Vasquez,N/A,00500,QT/00500/2006,VincentVasquez@example.com,"""{2565112116,5325970899}""",1996-01-10,Male,5,11,null,1,52,2006-07-14,2015-05-29,4,2,2021-06-29
019cd5db-b9f6-75af-8459-7d67e0ecb02a,12,Melissa,Grant,N/A,00500,QT/00500/2010,MelissaGrant@example.com,"""{302-632-3738,362-795-2554}""",1997-03-20,Female,5,4,null,1,52,2010-04-24,1996-05-29,2,1,2019-05-07
019cd5db-b9f7-7438-8a42-abb6d5d8332d,12,Heather,Gould,N/A,00500,QT/00500/2009,HeatherGould@example.com,"""{2944130357,925-817-5403}""",2000-10-26,Female,3,7,null,1,52,2009-06-14,2002-10-23,10,2,1997-07-18
019cd5db-b9fa-7c44-942a-7ba07e0365d9,26,Joel,Hunt,Austin,00500,QT/00500/2009,JoelAustinHunt@example.com,"""{792-884-7944,2904725365}""",1999-11-16,Male,1,11,null,1,52,2009-12-28,2002-08-11,12,1,2002-01-11
019cd5db-b9fc-7489-9d10-6b9bca710bd0,21,Jonathan,Ramos,N/A,00500,QT/00500/2006,JonathanRamos@example.com,"""{465-643-2910,934-966-2512}""",1997-09-04,Male,2,11,null,1,52,2006-11-28,2005-06-29,3,2,2024-05-31
019cd5db-b9fd-7ebb-8b01-075181d146e8,10,Mike,Kirk,N/A,00500,QT/00500/2016,MikeKirk@example.com,"""{363-215-6032,3727220199}""",1995-07-18,Male,5,8,null,1,52,2016-03-13,2017-09-19,8,2,2011-04-16
019cd5db-b9fe-7b78-81b2-302efa743190,15,Daniel,Brown,N/A,00500,QT/00500/2021,DanielBrown@example.com,"""{740-245-2946,784-485-7569}""",1996-06-09,Male,4,4,null,1,52,2021-10-16,2024-07-28,4,3,1997-07-15
019cd5db-ba00-7f6e-8874-8b294fe54609,17,Carly,Delgado,Matthew,00500,QT/00500/2014,CarlyMatthewDelgado@example.com,"""{323-916-3630,4493365059}""",1987-11-10,Female,3,12,null,1,52,2014-08-10,2020-10-27,11,2,2008-09-19
019cd5db-ba01-71a8-9e07-743ae292736f,2,Jody,Hansen,Corey,00500,QT/00500/2021,JodyCoreyHansen@example.com,"""{699-329-2406,763-858-1668}""",1979-06-16,Female,1,5,null,1,52,2021-05-04,2003-06-21,8,3,2007-02-02
019cd5db-ba02-7998-aae5-72e3427e7829,22,Lisa,Johnson,N/A,00500,QT/00500/2020,LisaJohnson@example.com,"""{(441)830-6193,8114310376}""",1984-05-30,Female,4,4,null,1,52,2020-12-21,2010-01-05,12,1,2008-11-20
019cd5db-ba04-7021-b33b-9887a1cad2a0,10,Jasmine,Ramos,Scott,00500,QT/00500/2011,JasmineScottRamos@example.com,"""{6317121365,(617)656-6903}""",1980-11-09,Female,3,3,null,1,52,2011-05-10,2004-08-04,3,3,2007-05-08
019cd5db-ba05-7545-86c3-c28e7f0558d4,22,Victor,James,N/A,00500,QT/00500/2006,VictorJames@example.com,"""{7886642817,775-722-3425}""",1973-09-23,Male,5,7,null,1,52,2006-10-23,1998-09-18,12,2,2025-11-23
019cd5db-ba06-7375-bf15-19bf1f9d1dba,1,Courtney,Porter,Crystal,00500,QT/00500/2010,CourtneyCrystalPorter@example.com,"""{(697)335-5990,(973)666-3268}""",1980-06-02,Female,5,9,null,1,52,2010-08-22,2008-06-17,4,3,2022-01-30
019cd5db-ba08-7619-a48a-0ef166e2c495,21,Jennifer,Murphy,Joshua,00500,QT/00500/2020,JenniferJoshuaMurphy@example.com,"""{314-782-5704,3945554373}""",1999-10-27,Female,5,12,null,1,52,2020-12-30,2016-12-31,8,3,2021-10-30
019cd5db-ba09-7f3c-a2ca-cb7977aa1142,21,Joseph,Fletcher,N/A,00500,QT/00500/2021,JosephFletcher@example.com,"""{536-278-6687,377-305-9826}""",1971-03-19,Male,5,9,null,1,52,2021-04-21,2023-07-03,9,3,2024-05-16
019cd5db-ba0b-7ef9-b047-473d7a6da5e1,22,Kevin,Adams,Danielle,00500,QT/00500/2014,KevinDanielleAdams@example.com,"""{511-439-0391,453-807-3317}""",1974-04-13,Male,4,7,null,1,52,2014-09-09,2011-07-29,4,2,2024-03-31
019cd5db-ba0c-70fc-80c3-ffa45609c6fb,12,Marcia,Hardin,Elizabeth,00500,QT/00500/2008,MarciaElizabethHardin@example.com,"""{(854)552-7825,8059497248}""",1976-04-04,Female,1,4,null,1,52,2008-02-28,1999-05-02,1,2,2004-02-10
019cd5db-ba0d-79c3-98cf-759e800a0dbd,25,Justin,Rios,N/A,00500,QT/00500/2011,JustinRios@example.com,"""{(211)855-8871,278-292-3815}""",1998-08-25,Male,1,7,null,1,52,2011-07-20,2006-12-26,2,2,1999-05-16
019cd5db-ba10-75c1-9d3c-f65b0e9b9f1c,22,Jesse,Tucker,Deborah,00500,QT/00500/2016,JesseDeborahTucker@example.com,"""{(836)627-2675,8655451109}""",1995-01-20,Male,5,7,null,1,52,2016-06-20,2000-03-21,12,2,2024-08-06
019cd5db-ba11-7fbe-b931-05c4647f7f31,17,Teresa,Williams,N/A,00500,QT/00500/2012,TeresaWilliams@example.com,"""{8357301470,236-263-3398}""",1990-12-28,Female,3,4,null,1,52,2012-12-22,2007-04-17,12,2,2009-06-06
019cd5db-ba13-7a6b-9a5c-bbc321be01fd,18,Valerie,Walters,N/A,00500,QT/00500/2008,ValerieWalters@example.com,"""{879-346-8372,2537335469}""",1989-06-18,Female,5,3,null,1,52,2008-06-26,2012-04-14,3,1,2022-03-01
019cd5db-ba14-78f3-b046-92cf3bd3a97a,13,Laura,Snyder,N/A,00500,QT/00500/2018,LauraSnyder@example.com,"""{413-822-9690,878-529-5793}""",1975-02-25,Female,2,9,null,1,52,2018-03-23,2005-07-25,11,3,2016-01-28
019cd5db-ba15-7d9a-b7e6-b2bd6a29f9dd,27,Joshua,Martin,N/A,00500,QT/00500/2023,JoshuaMartin@example.com,"""{989-857-9881,682-543-0490}""",1971-10-14,Male,4,8,null,1,52,2023-10-07,2019-10-16,11,3,1999-07-24
019cd5db-ba17-7638-9566-a9b44bb9c733,4,Lynn,Thomas,N/A,00500,QT/00500/2017,LynnThomas@example.com,"""{(940)380-2093,778-271-8047}""",1977-06-20,Female,2,4,null,1,52,2017-12-08,2008-06-22,6,2,1998-07-24
019cd5db-ba18-74de-852a-a0c9faee9c78,29,Dean,Chandler,Nicholas,00500,QT/00500/2022,DeanNicholasChandler@example.com,"""{5015805643,5574288566}""",1995-05-04,Male,3,10,null,1,52,2022-05-30,2021-06-05,11,1,2020-07-07
019cd5db-ba19-7fd2-a53e-f1dea58f8d6c,11,Angela,Mcintosh,Kyle,00500,QT/00500/2022,AngelaKyleMcintosh@example.com,"""{6657472147,(978)428-1188}""",1986-12-13,Female,4,6,null,1,52,2022-12-03,1997-02-04,8,2,2002-07-24
019cd5db-ba1b-7ac5-b0f9-ba0aa9ba7abb,24,Anthony,Webb,N/A,00500,QT/00500/2012,AnthonyWebb@example.com,"""{296-898-5734,(730)995-5964}""",1981-09-04,Male,2,6,null,1,52,2012-06-28,2021-07-17,11,1,1999-09-23
019cd5db-ba1e-7f66-8d74-d8e767f887a3,15,Erica,Farmer,Jill,00500,QT/00500/2006,EricaJillFarmer@example.com,"""{(336)531-4086,3143296163}""",1974-02-16,Female,5,7,null,1,52,2006-10-07,2003-01-29,5,2,2021-04-14
019cd5db-ba20-7dbd-8419-6ca1733a5bc0,9,Zachary,Farrell,N/A,00500,QT/00500/2019,ZacharyFarrell@example.com,"""{3287142548,332-885-5338}""",1976-08-11,Male,4,11,null,1,52,2019-05-10,2020-12-10,7,3,2012-07-23
019cd5db-ba21-789d-8b65-0258438f5c6e,22,Christopher,Adkins,Jason,00500,QT/00500/2021,ChristopherJasonAdkins@example.com,"""{(601)252-6827,423-878-7208}""",1996-10-13,Male,1,5,null,1,52,2021-12-23,2009-07-07,6,3,2008-12-19
019cd5db-ba22-79ce-a62a-dab00d02b1cb,4,Michele,Owens,N/A,00500,QT/00500/2019,MicheleOwens@example.com,"""{489-817-6977,(726)705-7034}""",1987-10-23,Female,4,5,null,1,52,2019-08-30,2006-03-09,3,3,2005-07-02
019cd5db-ba24-7e1b-9634-333dd0781a0f,6,Brianna,Rosales,N/A,00500,QT/00500/2011,BriannaRosales@example.com,"""{(531)901-9997,465-616-3181}""",1997-05-27,Female,1,5,null,1,52,2011-10-29,2007-03-08,6,2,2023-02-02
019cd5db-ba25-7a6e-86c5-e68b87a1cbb7,12,Richard,Long,Richard,00500,QT/00500/2015,RichardRichardLong@example.com,"""{(529)481-6663,4667870904}""",1995-11-06,Male,1,11,null,1,52,2015-11-03,2002-08-12,10,1,2000-06-23
019cd5db-ba27-7688-a456-574333dc881f,21,Rebecca,Butler,N/A,00500,QT/00500/2019,RebeccaButler@example.com,"""{398-849-9504,(531)204-7002}""",1973-02-01,Female,1,9,null,1,52,2019-01-08,2007-04-02,5,2,2008-02-16
019cd5db-ba28-75c0-88ce-43888cec9eea,21,Michael,Kane,N/A,00500,QT/00500/2021,MichaelKane@example.com,"""{375-852-8149,9925157159}""",1979-08-07,Male,5,7,null,1,52,2021-10-16,2008-10-28,6,2,2003-12-17
019cd5db-ba29-7e61-8b5b-8ec69059553d,10,Devin,Young,N/A,00500,QT/00500/2015,DevinYoung@example.com,"""{217-549-4420,(249)754-1339}""",1993-03-13,Male,5,5,null,1,52,2015-01-27,2014-03-21,5,1,2023-06-05
019cd5db-ba2e-73a9-8afd-4ebdd2c51bdf,18,Allen,Long,N/A,00500,QT/00500/2015,AllenLong@example.com,"""{2936078670,821-350-5069}""",1987-07-27,Male,4,7,null,1,52,2015-03-30,2004-09-02,1,2,2003-07-21
019cd5db-ba30-73cb-b29f-ba2c79e8e23a,22,Richard,Henderson,Angela,00500,QT/00500/2008,RichardAngelaHenderson@example.com,"""{(399)910-7837,946-955-6594}""",1994-04-08,Male,1,8,null,1,52,2008-05-15,2016-02-20,12,1,2017-05-09
019cd5db-ba31-74fc-9933-58c07944e2ed,21,Beth,Lambert,N/A,00500,QT/00500/2013,BethLambert@example.com,"""{(743)845-0208,5599155815}""",1978-11-23,Female,3,12,null,1,52,2013-04-12,2004-02-21,6,1,2008-11-02
019cd5db-ba33-73ca-96de-ca4f6078a600,28,Thomas,Mccarthy,Diana,00500,QT/00500/2009,ThomasDianaMccarthy@example.com,"""{5257837120,534-478-2594}""",1976-02-11,Male,1,7,null,1,52,2009-01-03,2000-02-19,11,2,2002-11-09
019cd5db-ba34-771a-adb7-c547bacda67b,20,Jessica,Dawson,N/A,00500,QT/00500/2018,JessicaDawson@example.com,"""{(285)217-1944,274-960-8117}""",1995-02-02,Female,2,4,null,1,52,2018-05-07,2005-10-25,5,2,2016-07-21
019cd5db-ba36-7465-b242-669476335882,15,Destiny,Wang,N/A,00500,QT/00500/2010,DestinyWang@example.com,"""{4354233301,283-417-7489}""",1985-12-13,Female,5,12,null,1,52,2010-07-05,2010-07-15,5,2,1999-05-11
019cd5db-ba37-7efd-88d6-4f1e2583b03a,17,Christopher,Harris,Isaiah,00500,QT/00500/2006,ChristopherIsaiahHarris@example.com,"""{(413)480-6800,4397411705}""",1982-01-27,Male,4,9,null,1,52,2006-04-30,2018-06-12,12,1,2001-01-27
019cd5db-ba38-7d8d-b94f-e83140af5a0a,11,Denise,Johnson,Patricia,00500,QT/00500/2007,DenisePatriciaJohnson@example.com,"""{9679650490,636-221-7315}""",1978-03-29,Female,1,8,null,1,52,2007-03-31,2025-11-25,9,2,2001-01-08
019cd5db-ba3a-7f60-b2d5-a1d955d16679,11,Robert,Fernandez,Annette,00500,QT/00500/2022,RobertAnnetteFernandez@example.com,"""{8507875225,(818)748-0233}""",1978-01-07,Male,4,6,null,1,52,2022-01-06,2025-11-27,6,3,2015-08-25
019cd5db-ba40-7649-bb10-60eaccfe6ed5,13,William,Frank,David,00500,QT/00500/2017,WilliamDavidFrank@example.com,"""{750-219-6760,5812003631}""",1994-11-07,Male,4,10,null,1,52,2017-11-25,2014-12-24,12,1,2011-12-31
019cd5db-ba42-7eed-a8fe-026d2f26d714,16,Douglas,Houston,N/A,00500,QT/00500/2022,DouglasHouston@example.com,"""{(227)656-4350,(273)472-7027}""",1997-06-18,Male,2,6,null,1,52,2022-06-07,2005-01-07,1,2,2022-04-01
019cd5db-ba43-7869-8b0a-401839866a92,21,Marie,Myers,James,00500,QT/00500/2011,MarieJamesMyers@example.com,"""{695-479-6086,(345)913-9833}""",1985-11-19,Female,5,7,null,1,52,2011-06-09,2015-03-25,6,1,2017-02-02
019cd5db-ba45-7d51-8db8-9682135b7583,18,Roberta,Tucker,James,00500,QT/00500/2010,RobertaJamesTucker@example.com,"""{5059109655,764-810-1712}""",1995-11-24,Female,2,8,null,1,52,2010-09-25,2006-07-30,5,2,2020-03-05
019cd5db-ba46-7aab-b6c9-35b78d7f9bd0,14,Michael,Ortega,Robert,00500,QT/00500/2018,MichaelRobertOrtega@example.com,"""{293-884-7163,424-753-5711}""",1991-03-03,Male,2,11,null,1,52,2018-11-19,2001-05-29,2,2,1997-09-15
019cd5db-ba48-7062-968d-211e44124293,28,Mark,Dixon,Robert,00500,QT/00500/2016,MarkRobertDixon@example.com,"""{5292675965,453-413-2622}""",1996-07-09,Male,4,4,null,1,52,2016-08-23,2018-08-11,8,3,2023-06-27
019cd5db-ba49-7a6f-afc8-503872a891d2,19,Jack,Weiss,N/A,00500,QT/00500/2021,JackWeiss@example.com,"""{(942)253-1415,5254171491}""",1981-02-01,Male,3,6,null,1,52,2021-04-05,2024-02-02,7,2,2016-12-11
019cd5db-ba4a-78a4-9459-af598b5e91de,18,Thomas,Hamilton,Brandi,00500,QT/00500/2022,ThomasBrandiHamilton@example.com,"""{890-694-2972,6918691715}""",1991-02-24,Male,3,5,null,1,52,2022-11-18,2020-06-21,8,1,2016-01-03
019cd5db-ba4c-7f13-8ce3-b2edaa9af285,15,Christopher,Gibson,N/A,00500,QT/00500/2022,ChristopherGibson@example.com,"""{4038888053,270-835-4155}""",2000-02-21,Male,3,4,null,1,52,2022-12-11,2007-11-20,4,1,2000-01-21
019cd5db-ba50-79fd-aa20-a4bdac308c37,18,Adrienne,Turner,Lisa,00500,QT/00500/2023,AdrienneLisaTurner@example.com,"""{(418)813-9291,9309192870}""",1971-11-29,Female,3,5,null,1,52,2023-08-28,2000-11-08,8,2,1999-01-06
019cd5db-ba52-706c-a008-8a9ca3f6d20c,19,Vanessa,Wright,N/A,00500,QT/00500/2006,VanessaWright@example.com,"""{9629373372,(938)250-0181}""",1995-04-24,Female,1,7,null,1,52,2006-12-05,2003-11-10,8,1,1999-11-19
019cd5db-ba55-7e92-96ca-85ea2c571d6c,25,Michael,Rangel,Sean,00500,QT/00500/2023,MichaelSeanRangel@example.com,"""{340-906-0857,7145344807}""",1986-01-29,Male,1,4,null,1,52,2023-03-08,2019-05-19,3,1,2023-01-09
019cd5db-ba56-74ac-adaa-7fc01d6c4e39,4,Judith,Lindsey,N/A,00500,QT/00500/2022,JudithLindsey@example.com,"""{915-361-6857,6608880156}""",1972-02-25,Female,5,8,null,1,52,2022-09-06,2011-03-10,7,1,2002-01-22
019cd5db-ba57-7980-97e5-6ef15031293e,5,Annette,Owens,Lydia,00500,QT/00500/2014,AnnetteLydiaOwens@example.com,"""{3178210051,3364646287}""",1983-01-19,Female,4,5,null,1,52,2014-09-18,2012-11-01,7,3,2000-03-30
019cd5db-ba59-7b1e-9d8f-c967bd639b96,5,Diane,Riley,N/A,00500,QT/00500/2023,DianeRiley@example.com,"""{786-226-8976,(621)214-7663}""",1983-09-13,Female,1,6,null,1,52,2023-10-28,1996-12-10,8,3,2000-01-22
019cd5db-ba5a-7739-a970-e1e83439719f,11,Chelsea,Sims,William,00500,QT/00500/2010,ChelseaWilliamSims@example.com,"""{(281)453-4166,3782054907}""",1973-05-24,Female,3,11,null,1,52,2010-05-24,2022-07-16,4,2,2009-06-14
019cd5db-ba5b-7661-ac9f-0ddfc695b54e,7,Alison,Cobb,N/A,00500,QT/00500/2010,AlisonCobb@example.com,"""{810-480-3445,7812812206}""",1996-08-23,Female,2,9,null,1,52,2010-06-07,2024-01-08,1,3,2013-09-14
019cd5db-ba5d-72b2-b113-0d84a02c9001,9,Michael,Jensen,N/A,00500,QT/00500/2006,MichaelJensen@example.com,"""{(848)977-5337,(478)927-7949}""",1981-12-27,Male,4,5,null,1,52,2006-09-16,2008-03-23,2,2,2023-04-23
019cd5db-ba61-7ef8-a7bd-9dc61f998df9,10,Nancy,Chapman,Samuel,00500,QT/00500/2015,NancySamuelChapman@example.com,"""{6344056037,714-993-3076}""",1974-02-18,Female,3,7,null,1,52,2015-12-28,2003-12-24,5,3,1999-02-11
019cd5db-ba63-7132-b4e7-f786febbadaf,21,Christy,Gibbs,Kayla,00500,QT/00500/2006,ChristyKaylaGibbs@example.com,"""{650-459-8001,(404)661-4386}""",1994-11-06,Female,2,8,null,1,52,2006-03-24,2018-03-14,8,2,2017-07-17
019cd5db-ba64-79c9-bf75-c570d77dc4ac,15,Tammy,Miller,Erica,00500,QT/00500/2023,TammyEricaMiller@example.com,"""{(321)635-3968,3845640894}""",1984-04-15,Female,3,5,null,1,52,2023-12-12,1998-11-10,6,3,1996-09-02
019cd5db-ba66-7cad-8dc4-fffa051898c4,20,Bradley,Navarro,Kristen,00500,QT/00500/2017,BradleyKristenNavarro@example.com,"""{(780)567-4269,5766118373}""",1974-05-11,Male,5,10,null,1,52,2017-12-23,2023-02-23,2,1,2021-09-26
019cd5db-ba67-731f-bf69-6febb4f1e94c,2,Melissa,Cardenas,N/A,00500,QT/00500/2022,MelissaCardenas@example.com,"""{(646)593-1984,2767022777}""",1994-04-07,Female,5,7,null,1,52,2022-11-22,2024-05-18,9,2,1997-12-16
019cd5db-ba69-72b9-9d98-3bafed2d6478,12,Jason,Nguyen,Nancy,00500,QT/00500/2017,JasonNancyNguyen@example.com,"""{432-426-6303,5008824072}""",1980-11-08,Male,2,11,null,1,52,2017-03-16,2021-09-11,11,3,2015-02-28
019cd5db-ba6a-7e8e-b54b-0ebd12780734,11,Gary,Edwards,N/A,00500,QT/00500/2017,GaryEdwards@example.com,"""{425-727-7255,257-235-6469}""",1978-04-29,Male,4,12,null,1,52,2017-08-12,2005-10-30,5,3,2023-02-16
019cd5db-ba6b-7dab-a9c2-eb29943b87e7,18,Zachary,Morris,Jessica,00500,QT/00500/2015,ZacharyJessicaMorris@example.com,"""{537-678-4274,7692294681}""",1972-04-03,Male,4,7,null,1,52,2015-04-24,2023-09-17,12,1,2015-07-18
019cd5db-ba6c-73c3-ae27-1b3292832096,7,Angela,Bryant,N/A,00500,QT/00500/2016,AngelaBryant@example.com,"""{(790)466-9211,(943)467-2176}""",1987-09-04,Female,2,12,null,1,52,2016-01-28,2012-08-17,2,1,2003-04-14
019cd5db-ba70-7311-9d77-b1af35172314,11,Alexandra,Webster,N/A,00500,QT/00500/2007,AlexandraWebster@example.com,"""{9445341331,427-813-8486}""",1990-07-10,Female,2,11,null,1,52,2007-09-05,2009-05-15,6,3,2010-04-03
019cd5db-ba72-70df-b441-1f028515383f,7,Heather,Wilson,N/A,00500,QT/00500/2009,HeatherWilson@example.com,"""{(742)270-8480,5078323898}""",1991-07-07,Female,3,12,null,1,52,2009-05-04,1997-09-03,12,3,2000-03-16
019cd5db-ba73-7fdd-a403-d2fe7c6efa01,8,Carolyn,Parsons,N/A,00500,QT/00500/2012,CarolynParsons@example.com,"""{(344)871-5359,(201)420-0192}""",1973-10-07,Female,3,4,null,1,52,2012-02-23,2021-03-10,10,2,2007-11-10
019cd5db-ba75-7812-9b96-b22bbcafb08c,21,Tammy,Garrison,Vincent,00500,QT/00500/2023,TammyVincentGarrison@example.com,"""{407-982-9697,4415698772}""",1976-01-06,Female,2,7,null,1,52,2023-08-22,2023-06-08,1,1,2021-09-10
019cd5db-ba76-7dd6-bc08-fde368924d12,28,Mark,Simpson,N/A,00500,QT/00500/2015,MarkSimpson@example.com,"""{8478777044,(893)500-4682}""",1993-03-03,Male,3,7,null,1,52,2015-11-25,2014-08-05,10,2,2008-11-15
019cd5db-ba77-7461-ac4d-63f8531e5078,12,Karen,Castro,N/A,00500,QT/00500/2023,KarenCastro@example.com,"""{6226798097,726-406-5033}""",1986-02-21,Female,4,3,null,1,52,2023-03-25,2008-07-13,11,1,2018-10-27
019cd5db-ba79-70b1-bac5-2197bdddab8a,18,Pamela,Rodriguez,Nicole,00500,QT/00500/2018,PamelaNicoleRodriguez@example.com,"""{209-362-2657,2346215079}""",1999-05-27,Female,5,11,null,1,52,2018-09-05,2008-03-11,10,3,2006-08-10
019cd5db-ba7a-7016-bca5-e4dacf6460b7,24,Eric,Tran,Jon,00500,QT/00500/2010,EricJonTran@example.com,"""{(799)526-1824,2587651379}""",1983-05-29,Male,3,6,null,1,52,2010-08-02,1996-06-04,5,1,2002-02-01
019cd5db-ba7c-7b29-b86e-593c01b93fa2,27,Stephen,Harding,Daniel,00500,QT/00500/2019,StephenDanielHarding@example.com,"""{(255)472-3185,996-329-0654}""",1988-05-04,Male,1,12,null,1,52,2019-09-12,2000-09-28,12,2,2012-09-21
019cd5db-ba80-7d08-98d4-8493a080d6d6,7,Jenna,Baker,Desiree,00500,QT/00500/2009,JennaDesireeBaker@example.com,"""{815-427-4239,519-911-0336}""",1982-02-15,Female,3,7,null,1,52,2009-08-04,2022-01-11,7,3,2023-05-19
019cd5db-ba81-7d4f-8d71-3a32b1d8c5d8,25,Jose,Butler,N/A,00500,QT/00500/2011,JoseButler@example.com,"""{(899)704-9283,829-880-4156}""",1984-10-09,Male,4,3,null,1,52,2011-05-26,2009-09-19,1,1,2012-11-24
019cd5db-ba82-751e-b746-89d3601b8a48,16,Francisco,Bailey,Angel,00500,QT/00500/2022,FranciscoAngelBailey@example.com,"""{518-739-9527,712-253-2801}""",1972-01-27,Male,5,4,null,1,52,2022-04-03,1999-06-08,9,2,2018-03-20
019cd5db-ba84-7391-a16b-6fba16908bc1,8,Christopher,Hicks,Marcus,00500,QT/00500/2021,ChristopherMarcusHicks@example.com,"""{494-290-4284,(541)942-5132}""",1983-05-24,Male,2,7,null,1,52,2021-08-24,2015-05-14,8,2,2021-12-13
019cd5db-ba85-7d52-8789-d6ee2513703f,12,Cindy,Martinez,Shane,00500,QT/00500/2020,CindyShaneMartinez@example.com,"""{953-621-1537,6429660828}""",1971-06-20,Female,4,3,null,1,52,2020-08-08,2019-02-01,11,3,2007-04-30
019cd5db-ba87-79fb-9633-ddda7134c9e4,20,Jill,Velazquez,James,00500,QT/00500/2018,JillJamesVelazquez@example.com,"""{229-813-1414,3745370134}""",1999-04-21,Female,4,4,null,1,52,2018-05-12,2003-03-25,3,3,2013-10-29
019cd5db-ba88-7e7c-9728-473433211f3c,15,Carl,Hamilton,N/A,00500,QT/00500/2015,CarlHamilton@example.com,"""{679-539-1683,(744)954-8383}""",1981-06-10,Male,2,5,null,1,52,2015-08-20,2002-04-23,12,1,2024-07-08
019cd5db-ba89-7e4b-8eb8-003f8e00ce59,22,Eric,Vargas,Brandon,00500,QT/00500/2023,EricBrandonVargas@example.com,"""{2806198986,4522834372}""",1982-02-12,Male,4,3,null,1,52,2023-09-17,1997-04-22,2,3,2012-10-11
019cd5db-ba8b-72b6-ac27-a86f3c92860d,25,John,Hamilton,Susan,00500,QT/00500/2007,JohnSusanHamilton@example.com,"""{966-676-9496,924-234-7229}""",1976-08-03,Male,3,3,null,1,52,2007-08-18,2021-12-17,8,1,2000-11-17
019cd5db-ba8e-7ca5-af6c-d6df3d030317,7,Abigail,Lloyd,N/A,00500,QT/00500/2021,AbigailLloyd@example.com,"""{(302)876-4652,6033205861}""",1984-08-08,Female,4,5,null,1,52,2021-06-02,2013-03-27,10,2,2008-03-24
019cd5db-ba90-79e2-a7e8-32659f1327d4,8,Jennifer,Zamora,N/A,00500,QT/00500/2008,JenniferZamora@example.com,"""{438-333-7605,807-358-2357}""",1974-08-26,Female,2,9,null,1,52,2008-05-11,2021-05-11,11,3,1997-07-05
019cd5db-ba91-7ecc-b9e9-fab8529847aa,7,Sheena,Barnes,N/A,00500,QT/00500/2007,SheenaBarnes@example.com,"""{574-511-1048,(620)777-7506}""",1981-01-04,Female,4,8,null,1,52,2007-08-18,2002-11-27,6,2,2009-06-25
019cd5db-ba93-789d-882c-aef0194f6ae4,24,Marc,Warren,N/A,00500,QT/00500/2011,MarcWarren@example.com,"""{315-684-9081,(865)740-0351}""",1975-02-12,Male,3,8,null,1,52,2011-01-29,2014-12-23,5,3,2014-07-31
019cd5db-ba94-7173-b8d4-ba7b0cd53153,22,Shannon,Miranda,Curtis,00500,QT/00500/2022,ShannonCurtisMiranda@example.com,"""{6848618039,4439739296}""",1993-03-06,Female,1,10,null,1,52,2022-05-11,2011-05-23,2,1,2021-01-04
019cd5db-ba95-7550-bd09-145f527d7176,10,Regina,Simmons,Laura,00500,QT/00500/2016,ReginaLauraSimmons@example.com,"""{2837022121,5902253293}""",1992-04-02,Female,2,4,null,1,52,2016-06-21,2016-03-23,9,3,2000-01-25
019cd5db-ba96-7199-ab61-dbc4d07d4858,25,Michael,Lam,N/A,00500,QT/00500/2015,MichaelLam@example.com,"""{(871)502-3642,(633)942-7657}""",1971-11-16,Male,4,6,null,1,52,2015-08-13,2005-10-05,4,2,1997-01-05
019cd5db-ba98-7947-afd9-5d8f0622f268,13,Amber,Kim,N/A,00500,QT/00500/2016,AmberKim@example.com,"""{6367886979,891-424-9745}""",1989-02-12,Female,5,11,null,1,52,2016-08-30,2001-01-28,7,3,2016-05-13
019cd5db-ba99-7b7c-a2f4-e8fed2bcb924,14,Amanda,Trevino,N/A,00500,QT/00500/2014,AmandaTrevino@example.com,"""{805-949-7810,520-890-1895}""",1986-09-26,Female,2,12,null,1,52,2014-07-12,2019-04-10,10,2,2025-12-07
019cd5db-ba9d-7cf1-ba96-698b3ec4d22c,28,Logan,Castaneda,Patricia,00500,QT/00500/2017,LoganPatriciaCastaneda@example.com,"""{5776715187,2389023328}""",1973-04-20,Male,2,8,null,1,52,2017-08-23,2009-03-07,7,3,2003-03-02
019cd5db-ba9f-7949-8a61-4c966cea760b,4,Sydney,Lucero,N/A,00500,QT/00500/2020,SydneyLucero@example.com,"""{(532)755-6861,(252)779-0378}""",1993-08-01,Female,3,12,null,1,52,2020-05-14,2024-07-29,7,3,2011-04-29
019cd5db-baa0-72d8-9e36-798a048868e8,14,Reginald,Anderson,N/A,00500,QT/00500/2014,ReginaldAnderson@example.com,"""{7328821763,240-752-8588}""",1973-05-30,Male,2,5,null,1,52,2014-05-20,2019-04-05,6,1,2019-10-22
019cd5db-baa1-700a-91b6-7d70a9905913,12,Jeremiah,Lee,N/A,00500,QT/00500/2017,JeremiahLee@example.com,"""{(219)691-7628,(955)481-8606}""",1986-05-19,Male,2,12,null,1,52,2017-02-06,1999-11-27,2,3,1997-06-13
019cd5db-baa3-783b-b082-d3d60198d134,21,Jason,Walker,Carlos,00500,QT/00500/2017,JasonCarlosWalker@example.com,"""{(246)304-0470,(851)427-4801}""",1993-06-13,Male,4,10,null,1,52,2017-01-07,2017-03-21,9,3,2024-02-13
019cd5db-baa4-779a-b241-f63806fc00bb,2,Tonya,Brown,N/A,00500,QT/00500/2007,TonyaBrown@example.com,"""{(440)349-3682,5502253353}""",1982-02-03,Female,5,6,null,1,52,2007-02-27,2000-08-22,7,1,2001-04-24
019cd5db-baa6-7199-9e2c-e1a4db4f88c7,10,David,Le,Michael,00500,QT/00500/2010,DavidMichaelLe@example.com,"""{875-407-2491,947-624-7638}""",1977-12-04,Male,5,5,null,1,52,2010-05-10,1998-04-18,12,3,2001-08-08
019cd5db-baa7-7ecb-bf0f-6740b4ee0117,22,Alexis,Anderson,David,00500,QT/00500/2022,AlexisDavidAnderson@example.com,"""{6384866473,(741)315-0980}""",1983-03-14,Female,5,9,null,1,52,2022-07-02,2011-04-28,11,1,2012-04-16
019cd5db-baa8-7b68-b0aa-6affc08c6d57,26,John,Meyers,Cody,00500,QT/00500/2016,JohnCodyMeyers@example.com,"""{551-820-4822,687-789-0769}""",1976-01-13,Male,3,7,null,1,52,2016-01-15,2006-05-05,3,3,2018-04-10
019cd5db-baac-7b03-9af6-42041c243231,3,Taylor,Russell,Emily,00500,QT/00500/2008,TaylorEmilyRussell@example.com,"""{(230)722-6350,(528)613-9258}""",1974-06-02,Female,4,3,null,1,52,2008-08-01,2005-10-12,2,1,2025-05-28
019cd5db-baae-7821-8666-1fb8749ca88a,13,Jessica,Green,N/A,00500,QT/00500/2017,JessicaGreen@example.com,"""{(971)326-1772,(257)889-1315}""",1981-11-16,Female,3,10,null,1,52,2017-09-02,1999-01-03,7,2,2012-02-11
019cd5db-bab0-7223-b267-e7a073aa9390,21,Kayla,Aguilar,Jessica,00500,QT/00500/2018,KaylaJessicaAguilar@example.com,"""{(705)721-1260,8582869612}""",1996-11-23,Female,5,7,null,1,52,2018-04-11,2013-04-20,12,1,2016-04-01
019cd5db-bab1-7994-b91d-78c096e01ba7,16,Amy,Morrow,Gregory,00500,QT/00500/2006,AmyGregoryMorrow@example.com,"""{387-552-9643,4879620412}""",1994-07-07,Female,4,6,null,1,52,2006-05-18,2002-12-09,6,1,2019-10-15
019cd5db-bab2-74df-ba8d-d814dc45782d,12,Robert,Simmons,N/A,00500,QT/00500/2007,RobertSimmons@example.com,"""{9059487599,(911)254-2766}""",1983-11-03,Male,1,12,null,1,52,2007-01-07,2006-04-08,2,1,2015-06-14
019cd5db-bab4-73dd-b674-19daac602760,23,William,Woodward,Hayden,00500,QT/00500/2018,WilliamHaydenWoodward@example.com,"""{283-200-6606,(674)270-1609}""",1987-07-26,Male,3,8,null,1,52,2018-10-10,2022-07-10,3,1,2015-05-28
019cd5db-bab5-7958-9b8f-39722e2925e2,29,James,Thomas,N/A,00500,QT/00500/2017,JamesThomas@example.com,"""{(413)570-9067,(653)897-3778}""",1980-11-23,Male,5,12,null,1,52,2017-06-22,2010-06-01,9,1,1999-04-09
019cd5db-bab6-71c6-a2aa-b0f5c449ac05,27,Daniel,Brown,Donald,00500,QT/00500/2007,DanielDonaldBrown@example.com,"""{998-714-5296,317-200-7361}""",1992-12-24,Male,2,12,null,1,52,2007-05-27,2007-05-23,1,3,2023-04-05
019cd5db-bab8-719e-a73c-31db39ec8269,25,John,Garcia,Karen,00500,QT/00500/2022,JohnKarenGarcia@example.com,"""{(936)259-5736,480-738-7730}""",1972-03-30,Male,5,8,null,1,52,2022-12-02,2024-05-21,7,2,2006-08-31
019cd5db-babc-7e80-964e-bc32f469fff2,21,Heather,Rubio,N/A,00500,QT/00500/2007,HeatherRubio@example.com,"""{740-277-5786,621-529-1657}""",1993-02-11,Female,5,11,null,1,52,2007-01-17,2019-05-13,12,2,2000-03-14
019cd5db-babe-7898-beb8-56eca10052dc,26,Johnathan,Jones,N/A,00500,QT/00500/2014,JohnathanJones@example.com,"""{4936948322,(492)743-3039}""",1981-05-02,Male,4,7,null,1,52,2014-10-12,2004-12-07,7,3,2004-03-29
019cd5db-babf-7090-94d2-3f86773ee170,5,Christina,Henson,William,00500,QT/00500/2015,ChristinaWilliamHenson@example.com,"""{9663754825,(838)358-9216}""",1984-06-06,Female,1,7,null,1,52,2015-03-22,1999-03-09,2,2,2019-07-08
019cd5db-bac1-7f28-b42d-0b0a97490739,18,Amy,Valdez,N/A,00500,QT/00500/2023,AmyValdez@example.com,"""{(764)346-1599,785-750-3220}""",1975-12-17,Female,5,8,null,1,52,2023-11-25,2019-04-27,6,3,2016-08-15
019cd5db-bac2-77b8-acac-9e08b0850b4d,11,Christian,Graham,Elizabeth,00500,QT/00500/2017,ChristianElizabethGraham@example.com,"""{(408)465-9719,6453862602}""",1981-12-25,Male,3,5,null,1,52,2017-03-28,2015-07-02,3,2,2021-10-16
019cd5db-bac3-7d34-a1d3-f9e6f621bba6,21,David,Reyes,N/A,00500,QT/00500/2021,DavidReyes@example.com,"""{(936)202-1624,9828607441}""",1985-02-17,Male,3,8,null,1,52,2021-04-17,2012-10-11,12,3,2009-08-15
019cd5db-bac5-7dfc-a8f7-d0939a0ddffc,18,David,Reid,Patricia,00500,QT/00500/2021,DavidPatriciaReid@example.com,"""{(680)736-8610,533-625-3400}""",1971-05-12,Male,5,3,null,1,52,2021-04-29,2009-09-01,2,1,2022-03-21
019cd5db-bac6-7644-8707-6129c6418098,16,Benjamin,Thomas,Teresa,00500,QT/00500/2016,BenjaminTeresaThomas@example.com,"""{(968)643-5087,323-372-8574}""",1972-04-05,Male,2,7,null,1,52,2016-01-02,2016-06-08,5,1,2013-12-16
019cd5db-bac8-7c75-9d8b-6fc448441e77,5,Stephanie,Williamson,N/A,00500,QT/00500/2023,StephanieWilliamson@example.com,"""{7066409428,(532)713-0397}""",1999-11-11,Female,3,12,null,1,52,2023-07-21,2008-09-02,6,2,2023-05-13
019cd5db-bacc-74c3-8551-9b4a65d06470,18,Latoya,George,Trevor,00500,QT/00500/2010,LatoyaTrevorGeorge@example.com,"""{7373742553,881-222-5240}""",1993-04-16,Female,3,12,null,1,52,2010-04-27,2013-03-30,10,1,2011-05-19
019cd5db-bacd-7295-9662-06928b825bb2,5,Misty,Wilkerson,N/A,00500,QT/00500/2015,MistyWilkerson@example.com,"""{(950)776-6461,594-462-6195}""",1975-12-07,Female,3,9,null,1,52,2015-03-17,1998-09-07,8,2,2007-01-03
019cd5db-bacf-751a-a3a9-8221d053e422,25,Daniel,Rivera,Barbara,00500,QT/00500/2007,DanielBarbaraRivera@example.com,"""{848-898-3294,2587804526}""",1994-08-16,Male,2,7,null,1,52,2007-06-09,1999-02-12,8,1,2017-02-20
019cd5db-bad0-7d29-aa0b-8fd3f1246e13,8,Deborah,Estrada,N/A,00500,QT/00500/2010,DeborahEstrada@example.com,"""{219-437-6538,510-300-3789}""",1993-04-26,Female,1,9,null,1,52,2010-11-19,2003-08-23,1,1,2005-06-14
019cd5db-bad2-7781-96d7-999f81ee088d,26,Sean,Miller,Danielle,00500,QT/00500/2012,SeanDanielleMiller@example.com,"""{647-828-5203,239-404-3443}""",1982-01-18,Male,5,5,null,1,52,2012-05-17,2023-02-02,7,2,2011-01-20
019cd5db-bad3-7a23-b907-1148843ca24d,17,Jesse,Scott,Nicholas,00500,QT/00500/2006,JesseNicholasScott@example.com,"""{9275131021,243-707-6400}""",2000-12-05,Male,3,11,null,1,52,2006-11-23,2006-11-16,5,2,2016-12-18
019cd5db-bad5-78ac-a3f4-0baec533b158,29,Brian,Brown,N/A,00500,QT/00500/2009,BrianBrown@example.com,"""{(784)924-3730,7748821067}""",1980-01-05,Male,2,8,null,1,52,2009-09-30,2025-06-17,12,2,2026-01-02
019cd5db-bad6-7be8-ae74-ac88f087265a,14,Devon,Lewis,Ashley,00500,QT/00500/2014,DevonAshleyLewis@example.com,"""{7907783519,9149339267}""",1988-12-23,Male,5,7,null,1,52,2014-07-20,2019-04-13,7,1,2014-02-15
019cd5db-bad7-7608-bf58-8bf7cfe2c104,8,Erika,Lee,Chad,00500,QT/00500/2007,ErikaChadLee@example.com,"""{962-885-6967,(417)440-3849}""",1987-12-04,Female,1,4,null,1,52,2007-09-13,2015-03-01,6,2,2016-06-14
019cd5db-badb-719d-a0cd-534fd45edb66,14,Morgan,James,N/A,00500,QT/00500/2014,MorganJames@example.com,"""{533-230-0853,307-303-7114}""",1973-08-26,Female,2,9,null,1,52,2014-02-11,2022-09-05,10,3,2014-09-30
019cd5db-badc-73f9-8a24-f2be485039f1,15,Michael,Moreno,Rebecca,00500,QT/00500/2010,MichaelRebeccaMoreno@example.com,"""{649-491-5291,841-942-8548}""",1978-09-05,Male,4,11,null,1,52,2010-08-27,2020-04-18,3,1,2025-08-10
019cd5db-bade-7c35-99fd-7d2fcade1891,24,Kevin,Mcdonald,Savannah,00500,QT/00500/2013,KevinSavannahMcdonald@example.com,"""{6263981448,(241)233-3117}""",1971-10-31,Male,2,5,null,1,52,2013-04-04,2010-12-17,3,1,2025-06-09
019cd5db-badf-7570-a9e5-60be74a911ff,11,Lynn,Lane,Christine,00500,QT/00500/2011,LynnChristineLane@example.com,"""{3482114551,(273)707-8593}""",1998-01-13,Female,1,10,null,1,52,2011-07-01,2017-01-27,4,2,2017-12-23
019cd5db-bae1-7f30-819d-7ed09afb2671,1,Melanie,Pierce,Marco,00500,QT/00500/2016,MelanieMarcoPierce@example.com,"""{932-955-8854,637-762-4477}""",1981-02-25,Female,3,9,null,1,52,2016-04-14,2004-12-26,12,1,2017-04-02
019cd5db-bae2-7568-9a53-47340cd76241,17,Patrick,Davis,Alyssa,00500,QT/00500/2013,PatrickAlyssaDavis@example.com,"""{(824)396-0773,(928)422-5268}""",1985-06-16,Male,4,6,null,1,52,2013-05-14,2005-04-24,6,2,2000-05-24
019cd5db-bae4-7bde-bdae-f5d130a415fc,23,Andre,Diaz,Barbara,00500,QT/00500/2023,AndreBarbaraDiaz@example.com,"""{4737722190,772-602-0227}""",1989-03-23,Male,3,6,null,1,52,2023-07-30,1998-10-29,12,2,2022-10-27
019cd5db-bae5-705d-afa0-18bfac0e25c5,19,Alexa,White,N/A,00500,QT/00500/2009,AlexaWhite@example.com,"""{(540)439-8771,7023145962}""",1996-02-12,Female,2,10,null,1,52,2009-05-15,2008-01-28,2,3,2025-03-21
019cd5db-bae6-7f95-bb2e-bff37febe465,18,Donna,Lawrence,Chelsea,00500,QT/00500/2009,DonnaChelseaLawrence@example.com,"""{4864165451,935-602-6913}""",1980-06-21,Female,1,11,null,1,52,2009-04-26,2017-09-16,8,2,1996-06-16
